id,accusations
1,宣扬恐怖主义、极端主义、煽动实施恐怖活动罪;非法生产、买卖、运输制毒物品、走私制毒物品罪
2,非法经营同类营业罪;拐骗儿童罪
3,生产、销售伪劣产品罪;国有公司、企业、事业单位人员滥用职权罪;虚开增值税专用发票、用于骗取出口退税、抵扣税款发票罪
4,倒卖文物罪;销售侵权复制品罪
5,食品、药品监管渎职罪;非法制造、销售非法制造的注册商标标识罪
6,破坏计算机信息系统罪;生产、销售不符合标准的医用器材罪
7,强迫劳动罪;放纵走私罪
8,过失损坏广播电视设施、公用电信设施罪;非法携带枪支、弹药、管制刀具、危险物品危及公共安全罪;劫持船只、汽车罪;刑讯逼供罪;妨害动植物防疫、检疫罪;帮助毁灭、伪造证据罪
9,失职造成珍贵文物损毁、流失罪;提供伪造、变造的出入境证件罪;非法携带枪支、弹药、管制刀具、危险物品危及公共安全罪
10,单位行贿罪;绑架罪;故意损毁名胜古迹罪;巨额财产来源不明罪
11,组织、利用会道门、邪教组织、利用迷信破坏法律实施罪;盗窃罪;徇私舞弊不移交刑事案件罪
12,拒不执行判决、裁定罪;非法进行节育手术罪
13,拒不执行判决、裁定罪;非法出租、出借枪支罪
14,环境监管失职罪;侵犯著作权罪
15,伪证罪;强奸罪
16,爆炸罪;放纵走私罪
17,破坏电力设备罪;非法处置查封、扣押、冻结的财产罪;为亲友非法牟利罪;拒不支付劳动报酬罪;拒不支付劳动报酬罪;非法制造、买卖、运输、储存危险物质罪;诬告陷害罪;利用未公开信息交易罪
18,诈骗罪;交通肇事罪;催收非法债务罪
19,引诱、容留、介绍卖淫罪;诽谤罪
20,劫夺被押解人员罪;有价证券诈骗罪;执行判决、裁定滥用职权罪
21,破坏广播电视设施、公用电信设施罪;非法收购、运输盗伐、滥伐的林木罪;传播淫秽物品罪;组织越狱罪
22,代替考试罪;挪用资金罪;脱逃罪;违规披露、不披露重要信息罪;过失致人重伤罪
23,非法持有、私藏枪支、弹药罪;聚众斗殴罪
24,组织残疾人、儿童乞讨罪;销售假冒注册商标的商品罪
25,编造、故意传播虚假恐怖信息罪;扰乱无线电通讯管理秩序罪
26,抢劫罪;盗掘古人类化石、古脊椎动物化石罪
27,伪造公司、企业、事业单位、人民团体印章罪;生产、销售有毒、有害食品罪
28,掩饰、隐瞒犯罪所得、犯罪所得收益罪;敲诈勒索罪
29,袭警罪;非法出售、提供试题、答案罪
30,盗窃、抢夺、毁灭国家机关公文、证件、印章罪;走私、贩卖、运输、制造毒品罪;破坏选举罪;妨害作证罪;制作、复制、出版、贩卖、传播淫秽物品牟利罪;信用证诈骗罪;逃汇罪
31,过失损坏广播电视设施、公用电信设施罪;代替考试罪
32,故意泄露国家秘密罪;重大责任事故罪
33,组织、资助非法聚集罪;盗窃罪;拐骗儿童罪;执行判决、裁定滥用职权罪
34,执行判决、裁定滥用职权罪;伪造、出售伪造的增值税专用发票罪
35,包庇毒品犯罪分子罪;非法买卖、运输、携带、持有毒品原植物种子、幼苗罪
36,非法生产、买卖警用装备罪;骗取出境证件罪
37,催收非法债务罪;违法发放林木采伐许可证罪;破坏计算机信息系统罪;组织、利用会道门、邪教组织、利用迷信破坏法律实施罪;组织、资助非法聚集罪;滥伐林木罪
38,非法出售增值税专用发票罪;帮助犯罪分子逃避处罚罪;破坏广播电视设施、公用电信设施罪
39,私分国有资产罪;扰乱无线电通讯管理秩序罪
40,"非法进行节育手术罪;走私普通货物、物品罪;危险驾驶罪;非法生产、买卖、运输制毒物品、走私制毒物品罪;滥伐林木罪;制作、复制、出版、贩卖、传播淫秽物品牟利罪,盗窃、抢夺枪支、弹药、爆炸物、危险物质罪"
41,国有公司、企业、事业单位人员滥用职权罪;擅自发行股票、公司、企业债券罪
42,为亲友非法牟利罪;故意损毁文物罪
43,危害珍贵、濒危野生动物罪;盗窃、侮辱、故意毁坏尸体、尸骨、骨灰罪
44,票据诈骗罪;签订、履行合同失职被骗罪;利用影响力受贿罪;医疗事故罪
45,组织、利用会道门、邪教组织、利用迷信致人重伤、死亡罪;组织、资助非法聚集罪;组织、利用会道门、邪教组织、利用迷信致人重伤、死亡罪
46,放纵走私罪;对有影响力的人行贿罪;组织卖淫罪
47,国有公司、企业、事业单位人员失职罪;假冒注册商标罪;私分国有资产罪;走私废物罪
48,抢夺罪;聚众淫乱罪
49,"为亲友非法牟利罪,对单位行贿罪;玩忽职守罪"
50,破坏广播电视设施、公用电信设施罪;非法制造、出售非法制造的用于骗取出口退税、抵扣税款发票罪
51,不报、谎报安全事故罪;聚众哄抢罪
52,虚报注册资本罪;虚假破产罪;破坏生产经营罪;伪造、变造、买卖武装部队公文、证件、印章罪;走私贵重金属罪
53,强迫交易罪;破坏计算机信息系统罪
54,窝藏、包庇罪;妨害传染病防治罪;擅自发行股票、公司、企业债券罪;组织残疾人、儿童乞讨罪;提供伪造、变造的出入境证件罪;赌博罪
55,放纵走私罪;非法买卖、运输、携带、持有毒品原植物种子、幼苗罪;故意泄露国家秘密罪;组织未成年人进行违反治安管理活动罪
56,非法生产、买卖武装部队制式服装罪;国有公司、企业、事业单位人员滥用职权罪;破坏广播电视设施、公用电信设施罪;传授犯罪方法罪;破坏监管秩序罪;侮辱国旗、国徽、国歌罪;交通肇事罪;赌博罪
57,销售假冒注册商标的商品罪;聚众斗殴罪
58,抢劫罪;非法出售增值税专用发票罪
59,内幕交易、泄露内幕信息罪;非法种植毒品原植物罪;破坏计算机信息系统罪;非法生产、买卖武装部队制式服装罪;非法使用窃听、窃照专用器材罪;侮辱国旗、国徽、国歌罪;过失损坏广播电视设施、公用电信设施罪;工程重大安全事故罪;私放在押人员罪
60,挪用资金罪;倒卖车票、船票罪
61,制作、复制、出版、贩卖、传播淫秽物品牟利罪;医疗事故罪;劫夺被押解人员罪
62,徇私舞弊不征、少征税款罪;走私普通货物、物品罪
63,妨害信用卡管理罪;爆炸罪;编造、故意传播虚假恐怖信息罪
64,洗钱罪;盗伐林木罪;掩饰、隐瞒犯罪所得、犯罪所得收益罪;非国家工作人员受贿罪
65,生产、销售、提供假药罪;非法搜查罪;盗窃、抢夺、毁灭国家机关公文、证件、印章罪
66,走私废物罪;重大劳动安全事故罪;过失损毁文物罪
67,帮助毁灭、伪造证据罪;妨害清算罪
68,盗窃、侮辱、故意毁坏尸体、尸骨、骨灰罪;金融凭证诈骗罪;违法发放贷款罪
69,劫持船只、汽车罪;提供侵入、非法控制计算机信息系统程序、工具罪
70,过失损坏易燃易爆设备罪;虐待被监管人罪;过失损毁文物罪;伪证罪;持有、使用假币罪;非法行医罪;有价证券诈骗罪
71,过失致人重伤罪;引诱、教唆、欺骗他人吸毒罪
72,催收非法债务罪;非法行医罪
73,危险驾驶罪;执行判决、裁定滥用职权罪
74,猥亵儿童罪;私分罚没财物罪
75,冒充军人招摇撞骗罪;放火罪
76,非法出售增值税专用发票罪;劫夺被押解人员罪;假冒注册商标罪
77,非法获取计算机信息系统数据、非法控制计算机信息系统罪;私放在押人员罪
78,提供侵入、非法控制计算机信息系统程序、工具罪;非法占用农用地罪;故意杀人罪;扰乱法庭秩序罪;危害珍贵、濒危野生动物罪;执行判决、裁定滥用职权罪
79,拐卖妇女、儿童罪;强令、组织他人违章冒险作业罪
80,窝藏、转移、隐瞒毒品、毒赃罪;非法集会、游行、示威罪
81,制作、复制、出版、贩卖、传播淫秽物品牟利罪;聚众哄抢罪;伪造、盗窃、买卖、非法提供、非法使用武装部队专用标志罪;暴力取证罪;假冒专利罪
82,窝藏、包庇罪;危险驾驶罪
83,非法集会、游行、示威罪;环境监管失职罪;非法侵入住宅罪
84,开设赌场罪;帮助信息网络犯罪活动罪;铁路运营安全事故罪
85,绑架罪;伪造、盗窃、买卖、非法提供、非法使用武装部队专用标志罪;组织、领导、参加黑社会性质组织罪;组织越狱罪;重婚罪;签订、履行合同失职被骗罪
86,逃避追缴欠税罪;故意毁坏财物罪;扰乱国家机关工作秩序罪
87,洗钱罪;虐待被监护、看护人罪
88,不报、谎报安全事故罪;组织残疾人、儿童乞讨罪;组织、领导传销活动罪;伪造、变造、买卖武装部队公文、证件、印章罪
89,妨害动植物防疫、检疫罪;组织他人偷越国（边）境罪
90,伪证罪;失职造成珍贵文物损毁、流失罪;民事、行政枉法裁判罪
91,聚众扰乱社会秩序罪;集资诈骗罪
92,虚开增值税专用发票、用于骗取出口退税、抵扣税款发票罪;倒卖车票、船票罪
93,组织残疾人、儿童乞讨罪;重大劳动安全事故罪;非法侵入住宅罪
94,故意伤害罪;走私国家禁止进出口的货物、物品罪
95,偷越国（边）境罪;抢劫罪;骗取出境证件罪;传播淫秽物品罪;非法经营罪;组织残疾人、儿童乞讨罪;过失损坏武器装备、军事设施、军事通信罪;非法出售、提供试题、答案罪;故意损毁名胜古迹罪;私分国有资产罪;聚众冲击国家机关罪;绑架罪;虚开增值税专用发票、用于骗取出口退税、抵扣税款发票罪;非法出售用于骗取出口退税、抵扣税款发票罪;过失以危险方法危害公共安全罪;骗取贷款、票据承兑、金融票证罪;私分罚没财物罪;聚众扰乱社会秩序罪
96,偷越国（边）境罪;组织未成年人进行违反治安管理活动罪
97,隐匿、故意销毁会计凭证、会计账簿、财务会计报告罪;非法低价出让国有土地使用权罪
98,劫持船只、汽车罪;非法猎捕、收购、运输、出售陆生野生动物罪
99,国有公司、企业、事业单位人员失职罪;放火罪
100,隐匿、故意销毁会计凭证、会计账簿、财务会计报告罪;信用证诈骗罪;持有、使用假币罪
101,帮助毁灭、伪造证据罪;强迫卖淫罪
102,非法持有毒品罪;非法使用窃听、窃照专用器材罪;提供虚假证明文件罪;非法批准征收、征用、占用土地罪;签订、履行合同失职被骗罪
103,危害珍贵、濒危野生动物罪;走私国家禁止进出口的货物、物品罪;吸收客户资金不入账罪
104,抢劫罪;保险诈骗罪
105,虐待被监护、看护人罪;破坏选举罪
106,非法捕捞水产品罪;非法出售增值税专用发票罪
107,猥亵儿童罪;伪造公司、企业、事业单位、人民团体印章罪
108,侵犯商业秘密罪;强迫劳动罪;使用虚假身份证件、盗用身份证件罪;损害商业信誉、商品声誉罪
109,虚报注册资本罪;侵犯著作权罪;非法吸收公众存款罪;巨额财产来源不明罪
110,持有、使用假币罪;宣扬恐怖主义、极端主义、煽动实施恐怖活动罪
111,非国家工作人员受贿罪;擅自发行股票、公司、企业债券罪;生产、销售伪劣产品罪;代替考试罪
112,帮助信息网络犯罪活动罪;工程重大安全事故罪
113,非法猎捕、收购、运输、出售陆生野生动物罪;骗取贷款、票据承兑、金融票证罪;签订、履行合同失职被骗罪;妨害动植物防疫、检疫罪
114,故意伤害罪;猥亵儿童罪;爆炸罪
115,非法低价出让国有土地使用权罪;袭警罪
116,收买被拐卖的妇女、儿童罪;传播淫秽物品罪
117,非法获取计算机信息系统数据、非法控制计算机信息系统罪;非法携带枪支、弹药、管制刀具、危险物品危及公共安全罪
118,生产、销售伪劣产品罪;组织淫秽表演罪;逃汇罪
119,妨害作证罪;逃避商检罪
120,辩护人、诉讼代理人毁灭证据、伪造证据、妨害作证罪;虚假破产罪
121,故意杀人罪;组织、利用会道门、邪教组织、利用迷信致人重伤、死亡罪;重婚罪;破坏电力设备罪;包庇毒品犯罪分子罪;不报、谎报安全事故罪;非法利用信息网络罪;侵犯商业秘密罪
122,巨额财产来源不明罪;编造、故意传播虚假恐怖信息罪
123,徇私舞弊不移交刑事案件罪;伪造、盗窃、买卖、非法提供、非法使用武装部队专用标志罪
124,贷款诈骗罪;信用卡诈骗罪
125,虐待被监护、看护人罪;非法收购、运输盗伐、滥伐的林木罪;打击报复证人罪;聚众冲击军事禁区罪;非法收购、运输盗伐、滥伐的林木罪;破坏交通工具罪;破坏交通工具罪;侵犯著作权罪;帮助犯罪分子逃避处罚罪;放纵走私罪;破坏监管秩序罪;伪造、变造、买卖武装部队公文、证件、印章罪
126,引诱、教唆、欺骗他人吸毒罪;非法进行节育手术罪;提供侵入、非法控制计算机信息系统程序、工具罪
127,非法生产、买卖武装部队制式服装罪;国有公司、企业、事业单位人员失职罪
128,强迫交易罪;非法搜查罪
129,污染环境罪;编造、故意传播虚假恐怖信息罪
130,放火罪;利用未公开信息交易罪
131,破坏广播电视设施、公用电信设施罪;滥用职权罪
132,侵占罪;盗窃罪
133,非法出租、出借枪支罪;脱逃罪
134,信用证诈骗罪;出售、购买、运输假币罪
135,冒充军人招摇撞骗罪;伪造、变造金融票证罪
136,招收公务员、学生徇私舞弊罪;故意伤害罪
137,组织卖淫罪;破坏性采矿罪;走私、贩卖、运输、制造毒品罪;猥亵儿童罪;制作、复制、出版、贩卖、传播淫秽物品牟利罪;徇私舞弊减刑、假释、暂予监外执行罪;挪用资金罪
138,伪造、变造、买卖国家机关公文、证件、印章罪;非法生产、买卖警用装备罪;投放危险物质罪;编造、故意传播虚假信息罪
139,生产、销售不符合卫生标准的化妆品罪;重婚罪
140,聚众斗殴罪;金融凭证诈骗罪
141,骗购外汇罪;伪造、盗窃、买卖、非法提供、非法使用武装部队专用标志罪;暴力取证罪;引诱、教唆、欺骗他人吸毒罪;放纵走私罪
142,盗伐林木罪;伪造、变造、买卖身份证件罪
143,诈骗罪;强迫卖淫罪;拐卖妇女、儿童罪
144,组织、资助非法聚集罪;过失爆炸罪;故意损毁文物罪;猥亵儿童罪
145,操纵证券、期货市场罪;国有公司、企业、事业单位人员滥用职权罪
146,巨额财产来源不明罪;吸收客户资金不入账罪
147,非法持有毒品罪;非法搜查罪
148,徇私舞弊不移交刑事案件罪;集资诈骗罪;失职致使在押人员脱逃罪
149,非法获取国家秘密罪;盗伐林木罪
150,组织考试作弊罪;玩忽职守罪
151,非法出售、提供试题、答案罪;组织残疾人、儿童乞讨罪
152,帮助信息网络犯罪活动罪;过失爆炸罪
153,损害商业信誉、商品声誉罪;传播性病罪;假冒注册商标罪;重大劳动安全事故罪
154,组织残疾人、儿童乞讨罪;破坏交通工具罪;非法低价出让国有土地使用权罪
155,非法制造、出售非法制造的用于骗取出口退税、抵扣税款发票罪;骗取贷款、票据承兑、金融票证罪;吸收客户资金不入账罪;非法制造、出售非法制造的用于骗取出口退税、抵扣税款发票罪
156,聚众冲击国家机关罪;投放危险物质罪;非法制造、销售非法制造的注册商标标识罪;盗窃、侮辱、故意毁坏尸体、尸骨、骨灰罪;辩护人、诉讼代理人毁灭证据、伪造证据、妨害作证罪;破坏性采矿罪;过失以危险方法危害公共安全罪;走私普通货物、物品罪
157,非法行医罪;非法携带枪支、弹药、管制刀具、危险物品危及公共安全罪
158,故意损毁文物罪;破坏武器装备、军事设施、军事通信罪
159,破坏选举罪;非法行医罪
160,食品、药品监管渎职罪;金融凭证诈骗罪;帮助毁灭、伪造证据罪;伪造、变造金融票证罪;挪用特定款物罪;过失损坏武器装备、军事设施、军事通信罪
161,污染环境罪;虚假广告罪
162,非法批准征收、征用、占用土地罪;盗窃罪
163,聚众冲击国家机关罪;擅自发行股票、公司、企业债券罪;强迫他人吸毒罪;传播性病罪;走私普通货物、物品罪;帮助毁灭、伪造证据罪;违法发放贷款罪
164,故意泄露国家秘密罪;虚报注册资本罪;虐待罪
165,提供虚假证明文件罪;对单位行贿罪;伪造、变造金融票证罪
166,滥伐林木罪;传授犯罪方法罪
167,"逃税罪;信用卡诈骗罪;贪污罪;聚众冲击军事禁区罪;挪用公款罪;徇私舞弊不征、少征税款罪;销售侵权复制品罪;侵犯通信自由罪;聚众扰乱公共场所秩序、交通秩序罪,非法种植毒品原植物罪"
168,侵犯著作权罪;利用影响力受贿罪
169,拒不执行判决、裁定罪;扰乱无线电通讯管理秩序罪;国有公司、企业、事业单位人员失职罪;组织残疾人、儿童乞讨罪
170,破坏武器装备、军事设施、军事通信罪;诬告陷害罪
171,组织他人偷越国（边）境罪;强制猥亵、侮辱罪
172,侮辱国旗、国徽、国歌罪;聚众扰乱社会秩序罪
173,非法出售增值税专用发票罪;出售出入境证件罪
174,编造、故意传播虚假恐怖信息罪;高利转贷罪;非法侵入计算机信息系统罪
175,暴力取证罪;故意损毁名胜古迹罪
176,绑架罪;民事、行政枉法裁判罪;污染环境罪;窃取、收买、非法提供信用卡信息罪
177,走私国家禁止进出口的货物、物品罪;持有伪造的发票罪;走私废物罪;内幕交易、泄露内幕信息罪;集资诈骗罪
178,倒卖车票、船票罪;盗掘古人类化石、古脊椎动物化石罪
179,虚假出资、抽逃出资罪;受贿罪
180,偷越国（边）境罪;行贿罪;过失损坏电力设备罪;持有、使用假币罪
181,以危险方法危害公共安全罪;生产、销售伪劣产品罪
182,破坏选举罪;洗钱罪
183,医疗事故罪;国有公司、企业、事业单位人员失职罪
184,走私废物罪;过失损坏武器装备、军事设施、军事通信罪
185,出售出入境证件罪;使用虚假身份证件、盗用身份证件罪
186,动植物检疫徇私舞弊罪;危害珍贵、濒危野生动物罪;盗窃、抢夺、毁灭国家机关公文、证件、印章罪
187,保险诈骗罪;非法狩猎罪;非法拘禁罪;非法捕捞水产品罪;引诱幼女卖淫罪;违规披露、不披露重要信息罪
188,污染环境罪;非法行医罪
189,滥伐林木罪;非法生产、买卖、运输制毒物品、走私制毒物品罪
190,生产、销售不符合安全标准的产品罪;强迫劳动罪
191,扰乱国家机关工作秩序罪;拒不执行判决、裁定罪;非法携带枪支、弹药、管制刀具、危险物品危及公共安全罪;金融凭证诈骗罪
192,敲诈勒索罪;盗窃、侮辱、故意毁坏尸体、尸骨、骨灰罪;信用证诈骗罪
193,破坏监管秩序罪;伪造、变造、买卖武装部队公文、证件、印章罪
194,吸收客户资金不入账罪;伪造、变造金融票证罪
195,非法出售、提供试题、答案罪;诽谤罪
196,非法种植毒品原植物罪;帮助毁灭、伪造证据罪
197,聚众冲击国家机关罪;巨额财产来源不明罪;生产、销售伪劣农药、兽药、化肥、种子罪
198,信用卡诈骗罪;巨额财产来源不明罪
199,拒不执行判决、裁定罪;违法发放林木采伐许可证罪
200,非法组织卖血罪;招摇撞骗罪
201,非法出售用于骗取出口退税、抵扣税款发票罪;非国家工作人员受贿罪
202,虚假广告罪;破坏交通设施罪
203,走私珍贵动物、珍贵动物制品罪;投放虚假危险物质罪
204,非法处置查封、扣押、冻结的财产罪;遗弃罪;组织、领导传销活动罪
205,挪用公款罪;偷越国（边）境罪
206,违法发放贷款罪;骗取出境证件罪
207,骗购外汇罪;介绍贿赂罪;破坏生产经营罪
208,拐卖妇女、儿童罪;欺诈发行证券罪;走私、贩卖、运输、制造毒品罪
209,组织越狱罪;损害商业信誉、商品声誉罪
210,动植物检疫徇私舞弊罪;非法出售用于骗取出口退税、抵扣税款发票罪
211,非法持有毒品罪;拐骗儿童罪;招收公务员、学生徇私舞弊罪;私分国有资产罪;非法拘禁罪;过失损毁文物罪;非法行医罪
212,宣扬恐怖主义、极端主义、煽动实施恐怖活动罪;故意泄露国家秘密罪
213,组织残疾人、儿童乞讨罪;骗取出口退税罪
214,非法制造、买卖、运输、储存危险物质罪;破坏性采矿罪
215,高利转贷罪;绑架罪
216,放纵走私罪;骗取出口退税罪;挪用公款罪
217,虚假出资、抽逃出资罪;故意损毁名胜古迹罪
218,强迫劳动罪;国有公司、企业、事业单位人员滥用职权罪
219,非法收购、运输盗伐、滥伐的林木罪;组织、领导、参加黑社会性质组织罪;利用未公开信息交易罪;虚假出资、抽逃出资罪
220,组织淫秽表演罪;盗窃、侮辱、故意毁坏尸体、尸骨、骨灰罪
221,过失以危险方法危害公共安全罪;出具证明文件重大失实罪
222,徇私舞弊减刑、假释、暂予监外执行罪;动植物检疫徇私舞弊罪
223,非国家工作人员受贿罪;走私贵重金属罪
224,窝藏、转移、隐瞒毒品、毒赃罪;教育设施重大安全事故罪
225,违规披露、不披露重要信息罪;诽谤罪
226,组织、领导、参加黑社会性质组织罪;暴力取证罪
227,提供虚假证明文件罪;虚开发票罪
228,非法行医罪;组织、利用会道门、邪教组织、利用迷信破坏法律实施罪
229,非法经营罪;挪用公款罪;扰乱法庭秩序罪
230,窝藏、转移、隐瞒毒品、毒赃罪;过失致人死亡罪
231,损害商业信誉、商品声誉罪;非法持有、私藏枪支、弹药罪;有价证券诈骗罪
232,徇私舞弊减刑、假释、暂予监外执行罪;帮助毁灭、伪造证据罪
233,伪证罪;诽谤罪;窝藏、包庇罪;劫夺被押解人员罪;帮助信息网络犯罪活动罪
234,侵占罪;非法出售、提供试题、答案罪
235,过失决水罪;生产、销售不符合卫生标准的化妆品罪
236,铁路运营安全事故罪;逃避追缴欠税罪;生产、销售不符合安全标准的产品罪;骗购外汇罪;组织越狱罪
237,非法制造、出售非法制造的发票罪;虚假广告罪
238,为亲友非法牟利罪;组织、资助非法聚集罪;开设赌场罪
239,非法制造、出售非法制造的用于骗取出口退税、抵扣税款发票罪;非法转让、倒卖土地使用权罪;非法出售增值税专用发票罪;强奸罪;破坏易燃易爆设备罪
240,对非国家工作人员行贿罪;虐待罪;重大责任事故罪
241,伪造、变造金融票证罪;侮辱国旗、国徽、国歌罪;传播淫秽物品罪;非法使用窃听、窃照专用器材罪
242,单位受贿罪;骗购外汇罪;妨害信用卡管理罪
243,扰乱法庭秩序罪;强令、组织他人违章冒险作业罪
244,单位行贿罪;引诱、教唆、欺骗他人吸毒罪
245,提供伪造、变造的出入境证件罪;强制猥亵、侮辱罪
246,非法侵入计算机信息系统罪;行贿罪;过失致人死亡罪
247,组织残疾人、儿童乞讨罪;失职致使在押人员脱逃罪
248,贪污罪;虚报注册资本罪
249,非法低价出让国有土地使用权罪;猥亵儿童罪;招摇撞骗罪
250,组织未成年人进行违反治安管理活动罪;危害珍贵、濒危野生动物罪
251,容留他人吸毒罪;非法猎捕、收购、运输、出售陆生野生动物罪;收买被拐卖的妇女、儿童罪;组织越狱罪;虚假出资、抽逃出资罪
252,隐匿、故意销毁会计凭证、会计账簿、财务会计报告罪;破坏交通工具罪
253,污染环境罪;高利转贷罪
254,抢劫罪;危害国家重点保护植物罪
255,擅自发行股票、公司、企业债券罪;招摇撞骗罪
256,抢劫罪;倒卖车票、船票罪;走私废物罪
257,伪造、变造、买卖国家机关公文、证件、印章罪;劫夺被押解人员罪;拒不支付劳动报酬罪
258,危险驾驶罪;编造、故意传播虚假恐怖信息罪
259,伪造货币罪;信用卡诈骗罪;盗窃、抢夺枪支、弹药、爆炸物、危险物质罪
260,非法使用窃听、窃照专用器材罪;聚众冲击军事禁区罪
261,集资诈骗罪;非法制造、买卖、运输、邮寄、储存枪支、弹药、爆炸物罪
262,盗掘古文化遗址、古墓葬罪;生产、销售不符合安全标准的食品罪;故意损毁名胜古迹罪
263,投放虚假危险物质罪;逃汇罪;诬告陷害罪;扰乱无线电通讯管理秩序罪
264,非法进行节育手术罪;过失损坏电力设备罪;伪造、盗窃、买卖、非法提供、非法使用武装部队专用标志罪
265,强迫他人吸毒罪;虐待被监管人罪;运送他人偷越国（边）境罪;销售假冒注册商标的商品罪;非法获取计算机信息系统数据、非法控制计算机信息系统罪
266,伪证罪;强制猥亵、侮辱罪
267,非法处置查封、扣押、冻结的财产罪;走私、贩卖、运输、制造毒品罪
268,假冒注册商标罪;侵犯商业秘密罪
269,挪用特定款物罪;出具证明文件重大失实罪
270,销售假冒注册商标的商品罪;非法采矿罪
271,危害珍贵、濒危野生动物罪;过失投放危险物质罪
272,聚众斗殴罪;盗掘古文化遗址、古墓葬罪
273,受贿罪;骗购外汇罪;聚众冲击军事禁区罪;暴力取证罪
274,暴力取证罪;非法携带枪支、弹药、管制刀具、危险物品危及公共安全罪
275,走私国家禁止进出口的货物、物品罪;包庇、纵容黑社会性质组织罪
276,破坏生产经营罪;制作、复制、出版、贩卖、传播淫秽物品牟利罪;重大劳动安全事故罪
277,故意毁坏财物罪;猥亵儿童罪
278,破坏生产经营罪;伪造、变造、买卖国家机关公文、证件、印章罪
279,过失损坏电力设备罪;诈骗罪
280,非法获取国家秘密罪;持有伪造的发票罪
281,招收公务员、学生徇私舞弊罪;贪污罪
282,伪证罪;偷越国（边）境罪
283,袭警罪;伪造公司、企业、事业单位、人民团体印章罪;非法制造、出售非法制造的发票罪
284,失火罪;擅自发行股票、公司、企业债券罪
285,非法出售用于骗取出口退税、抵扣税款发票罪;刑讯逼供罪
286,宣扬恐怖主义、极端主义、煽动实施恐怖活动罪;擅自发行股票、公司、企业债券罪
287,虚开发票罪;挪用资金罪
288,非法出售、提供试题、答案罪;破坏选举罪
289,重婚罪;侵犯商业秘密罪;单位受贿罪;医疗事故罪;妨害传染病防治罪;非法经营同类营业罪
290,非法制造、买卖、运输、储存危险物质罪;信用卡诈骗罪;对单位行贿罪
291,职务侵占罪;伪造、出售伪造的增值税专用发票罪
292,"金融凭证诈骗罪,组织、领导、参加黑社会性质组织罪;妨害公务罪,劫持船只、汽车罪"
293,过失以危险方法危害公共安全罪;非法出售增值税专用发票罪
294,打击报复证人罪;签订、履行合同失职被骗罪;贪污罪;吸收客户资金不入账罪
295,徇私舞弊不移交刑事案件罪;伪造、变造国家有价证券罪;伪造、倒卖伪造的有价票证罪;刑讯逼供罪;伪造公司、企业、事业单位、人民团体印章罪;破坏选举罪
296,刑讯逼供罪;过失致人死亡罪;非法收购、运输盗伐、滥伐的林木罪;内幕交易、泄露内幕信息罪
297,伪造、倒卖伪造的有价票证罪;非法行医罪
298,失职致使在押人员脱逃罪;消防责任事故罪
299,信用证诈骗罪;违规出具金融票证罪
300,损害商业信誉、商品声誉罪;逃税罪;组织、领导传销活动罪
301,非法购买增值税专用发票、购买伪造的增值税专用发票罪;行贿罪
302,损害商业信誉、商品声誉罪;非法捕捞水产品罪;妨害作证罪
303,非法经营罪;吸收客户资金不入账罪
304,贪污罪;过失损坏电力设备罪
305,包庇毒品犯罪分子罪;妨害公务罪;非法处置查封、扣押、冻结的财产罪
306,"盗伐林木罪;受贿罪;投放危险物质罪;虐待罪,侵犯商业秘密罪"
307,信用卡诈骗罪;侵犯著作权罪
308,伪造、变造、买卖国家机关公文、证件、印章罪;贷款诈骗罪
309,拐骗儿童罪;国有公司、企业、事业单位人员失职罪
310,失职致使在押人员脱逃罪;强迫交易罪
311,高利转贷罪;洗钱罪
312,放纵走私罪;骗购外汇罪
313,强迫卖淫罪;妨害信用卡管理罪
314,虚假广告罪;持有伪造的发票罪;非法生产、买卖、运输制毒物品、走私制毒物品罪;侮辱国旗、国徽、国歌罪;伪造、盗窃、买卖、非法提供、非法使用武装部队专用标志罪;扰乱国家机关工作秩序罪;破坏性采矿罪
315,私分国有资产罪;破坏选举罪;掩饰、隐瞒犯罪所得、犯罪所得收益罪
316,危害珍贵、濒危野生动物罪;非法携带枪支、弹药、管制刀具、危险物品危及公共安全罪;伪造货币罪;环境监管失职罪;非法出售、提供试题、答案罪
317,过失损坏电力设备罪;利用影响力受贿罪
318,破坏计算机信息系统罪;违规披露、不披露重要信息罪;出具证明文件重大失实罪
319,危险物品肇事罪;妨害公务罪
320,"擅自发行股票、公司、企业债券罪,侵犯商业秘密罪;非法携带枪支、弹药、管制刀具、危险物品危及公共安全罪"
321,对单位行贿罪;巨额财产来源不明罪
322,投放危险物质罪;包庇、纵容黑社会性质组织罪
323,拐卖妇女、儿童罪;组织他人偷越国（边）境罪
324,单位行贿罪;提供伪造、变造的出入境证件罪;脱逃罪;组织未成年人进行违反治安管理活动罪;非法买卖、运输、携带、持有毒品原植物种子、幼苗罪;医疗事故罪;危害国家重点保护植物罪;过失损坏电力设备罪;破坏交通工具罪;医疗事故罪;非法生产、销售专用间谍器材、窃听、窃照专用器材罪;虚报注册资本罪
325,出售、购买、运输假币罪;聚众扰乱公共场所秩序、交通秩序罪
326,生产、销售不符合安全标准的产品罪;妨害动植物防疫、检疫罪
327,非法经营罪;失火罪;赌博罪
328,聚众斗殴罪;生产、销售有毒、有害食品罪
329,为亲友非法牟利罪;提供虚假证明文件罪
330,协助组织卖淫罪;组织淫秽表演罪
331,非法制造、买卖、运输、邮寄、储存枪支、弹药、爆炸物罪;挪用特定款物罪;非法获取计算机信息系统数据、非法控制计算机信息系统罪
332,绑架罪;生产、销售、提供假药罪
333,逃税罪;破坏选举罪;招收公务员、学生徇私舞弊罪
334,信用证诈骗罪;劫持船只、汽车罪;过失投放危险物质罪;组织、领导、参加黑社会性质组织罪;非法拘禁罪;妨害传染病防治罪;聚众扰乱公共场所秩序、交通秩序罪
335,传授犯罪方法罪;金融凭证诈骗罪;拐卖妇女、儿童罪;重大劳动安全事故罪
336,非法采矿罪;爆炸罪
337,危害珍贵、濒危野生动物罪;私分国有资产罪
338,非法采矿罪;传播淫秽物品罪
339,非法搜查罪;信用卡诈骗罪
340,行贿罪;非国家工作人员受贿罪
341,打击报复证人罪;破坏选举罪;打击报复证人罪
342,"盗窃罪;虚开增值税专用发票、用于骗取出口退税、抵扣税款发票罪,制作、复制、出版、贩卖、传播淫秽物品牟利罪;爆炸罪"
343,强奸罪;利用未公开信息交易罪
344,非法低价出让国有土地使用权罪;生产、销售伪劣产品罪
345,"过失损坏电力设备罪;容留他人吸毒罪;伪造、变造、买卖武装部队公文、证件、印章罪;民事、行政枉法裁判罪,制作、复制、出版、贩卖、传播淫秽物品牟利罪;内幕交易、泄露内幕信息罪;提供侵入、非法控制计算机信息系统程序、工具罪"
346,"非法经营同类营业罪,信用卡诈骗罪;聚众扰乱公共场所秩序、交通秩序罪;脱逃罪,信用卡诈骗罪;投放虚假危险物质罪;对单位行贿罪;非法组织卖血罪;虐待被监护、看护人罪;组织、利用会道门、邪教组织、利用迷信破坏法律实施罪,违法发放林木采伐许可证罪"
347,非法携带枪支、弹药、管制刀具、危险物品危及公共安全罪;过失爆炸罪;拒不执行判决、裁定罪;引诱幼女卖淫罪;非法占用农用地罪;非法种植毒品原植物罪;故意泄露国家秘密罪;倒卖车票、船票罪;冒充军人招摇撞骗罪;虐待被监护、看护人罪;非法买卖、运输、携带、持有毒品原植物种子、幼苗罪;玩忽职守罪;帮助毁灭、伪造证据罪;强迫交易罪
348,非法进行节育手术罪;对非国家工作人员行贿罪;走私普通货物、物品罪;过失损坏易燃易爆设备罪;非法经营同类营业罪;逃避商检罪;组织、领导、参加黑社会性质组织罪
349,非法狩猎罪;传授犯罪方法罪;非法收购、运输盗伐、滥伐的林木罪;挪用公款罪;非法制造、买卖、运输、邮寄、储存枪支、弹药、爆炸物罪
350,倒卖文物罪;破坏监管秩序罪;虐待罪
351,污染环境罪;走私国家禁止进出口的货物、物品罪;非法出售增值税专用发票罪;猥亵儿童罪;冒充军人招摇撞骗罪;非法出售发票罪;传播性病罪;掩饰、隐瞒犯罪所得、犯罪所得收益罪;过失致人死亡罪;骗取出境证件罪;聚众哄抢罪;生产、销售不符合卫生标准的化妆品罪
352,组织、领导传销活动罪;妨害信用卡管理罪
353,运送他人偷越国（边）境罪;虚开发票罪;故意损毁文物罪
354,不报、谎报安全事故罪;扰乱国家机关工作秩序罪
355,强迫卖淫罪;介绍贿赂罪
356,故意杀人罪;盗掘古人类化石、古脊椎动物化石罪
357,重大责任事故罪;消防责任事故罪
358,非法占用农用地罪;故意损毁文物罪;非法制造、买卖、运输、储存危险物质罪
359,走私普通货物、物品罪;组织、领导传销活动罪;行贿罪;逃避追缴欠税罪;传授犯罪方法罪
360,伪造、变造金融票证罪;消防责任事故罪
361,冒充军人招摇撞骗罪;虚假广告罪;敲诈勒索罪;信用卡诈骗罪;遗弃罪;信用证诈骗罪;信用证诈骗罪;故意杀人罪
362,伪造公司、企业、事业单位、人民团体印章罪;侵犯公民个人信息罪;对单位行贿罪
363,组织考试作弊罪;以危险方法危害公共安全罪;包庇、纵容黑社会性质组织罪;非法利用信息网络罪
364,"出售出入境证件罪,非法利用信息网络罪;教育设施重大安全事故罪"
365,非法搜查罪;伪造公司、企业、事业单位、人民团体印章罪
366,私分罚没财物罪;招摇撞骗罪
367,倒卖文物罪;铁路运营安全事故罪
368,伪造、变造、买卖国家机关公文、证件、印章罪;非法处置进口的固体废物罪
369,组织越狱罪;聚众扰乱公共场所秩序、交通秩序罪
370,阻碍军人执行职务罪;出具证明文件重大失实罪
371,食品、药品监管渎职罪;组织出卖人体器官罪
372,窝藏、包庇罪;故意损毁名胜古迹罪
373,"破坏监管秩序罪;销售侵权复制品罪;以危险方法危害公共安全罪,袭警罪;销售假冒注册商标的商品罪"
374,聚众淫乱罪;妨害清算罪
375,非法吸收公众存款罪;教育设施重大安全事故罪
376,虚假破产罪;行贿罪
377,对单位行贿罪;对单位行贿罪;重大责任事故罪
378,职务侵占罪;妨害信用卡管理罪;受贿罪
379,破坏性采矿罪;受贿罪;非法猎捕、收购、运输、出售陆生野生动物罪;非法生产、销售专用间谍器材、窃听、窃照专用器材罪
380,强迫他人吸毒罪;招摇撞骗罪;吸收客户资金不入账罪
381,虐待被监管人罪;非法侵入计算机信息系统罪;阻碍军人执行职务罪
382,违规披露、不披露重要信息罪;故意伤害罪;虚开增值税专用发票、用于骗取出口退税、抵扣税款发票罪;侮辱罪
383,非法出租、出借枪支罪;非法狩猎罪
384,内幕交易、泄露内幕信息罪;劫持船只、汽车罪;非法购买增值税专用发票、购买伪造的增值税专用发票罪;破坏电力设备罪
385,侮辱国旗、国徽、国歌罪;生产、销售不符合安全标准的产品罪
386,非法持有、私藏枪支、弹药罪;强迫劳动罪;骗取出口退税罪;盗掘古文化遗址、古墓葬罪
387,过失损坏电力设备罪;侮辱国旗、国徽、国歌罪;非法侵入住宅罪
388,故意杀人罪;过失损坏武器装备、军事设施、军事通信罪
389,寻衅滋事罪;收买被拐卖的妇女、儿童罪;保险诈骗罪
390,寻衅滋事罪;辩护人、诉讼代理人毁灭证据、伪造证据、妨害作证罪
391,招摇撞骗罪;破坏生产经营罪;故意损毁文物罪;出具证明文件重大失实罪
392,非法占用农用地罪;职务侵占罪
393,持有伪造的发票罪;组织出卖人体器官罪
394,重婚罪;内幕交易、泄露内幕信息罪
395,骗购外汇罪;徇私枉法罪;聚众扰乱公共场所秩序、交通秩序罪;非法携带枪支、弹药、管制刀具、危险物品危及公共安全罪;玩忽职守罪;妨害传染病防治罪;非法拘禁罪
396,猥亵儿童罪;生产、销售有毒、有害食品罪
397,"寻衅滋事罪;妨害信用卡管理罪;非法购买增值税专用发票、购买伪造的增值税专用发票罪;违规披露、不披露重要信息罪,故意毁坏财物罪;伪证罪"
398,非法猎捕、收购、运输、出售陆生野生动物罪;挪用资金罪
399,骗取出口退税罪;侮辱罪
400,非法拘禁罪;单位受贿罪
401,介绍贿赂罪;扰乱国家机关工作秩序罪;扰乱国家机关工作秩序罪
402,串通投标罪;非法吸收公众存款罪;提供虚假证明文件罪;污染环境罪
403,帮助毁灭、伪造证据罪;假冒专利罪;抢夺罪
404,污染环境罪;抢劫罪
405,伪造、变造、买卖国家机关公文、证件、印章罪;假冒专利罪
406,组织、领导、参加黑社会性质组织罪;窃取、收买、非法提供信用卡信息罪;徇私舞弊不移交刑事案件罪
407,走私国家禁止进出口的货物、物品罪;强制猥亵、侮辱罪;强制猥亵、侮辱罪;走私、贩卖、运输、制造毒品罪;食品、药品监管渎职罪
408,大型群众性活动重大安全事故罪;非法出售增值税专用发票罪
409,伪造、变造、买卖武装部队公文、证件、印章罪;骗购外汇罪;非法集会、游行、示威罪
410,非法制造、出售非法制造的发票罪;生产、销售不符合卫生标准的化妆品罪;保险诈骗罪
411,利用未公开信息交易罪;重婚罪
412,失职致使在押人员脱逃罪;非法处置查封、扣押、冻结的财产罪
413,强制猥亵、侮辱罪;教育设施重大安全事故罪
414,破坏计算机信息系统罪;生产、销售有毒、有害食品罪
415,操纵证券、期货市场罪;逃避追缴欠税罪;非法侵入住宅罪;非法生产、销售专用间谍器材、窃听、窃照专用器材罪
416,非法吸收公众存款罪;组织、领导、参加黑社会性质组织罪
417,组织考试作弊罪;非法出租、出借枪支罪
418,伪造货币罪;寻衅滋事罪
419,故意伤害罪;遗弃罪
420,非法获取计算机信息系统数据、非法控制计算机信息系统罪;非法生产、买卖警用装备罪
421,拒不支付劳动报酬罪;帮助毁灭、伪造证据罪;拒不执行判决、裁定罪
422,过失致人死亡罪;过失损坏电力设备罪
423,组织越狱罪;阻碍军人执行职务罪
424,侵犯著作权罪;逃避追缴欠税罪
425,民事、行政枉法裁判罪;投放危险物质罪;开设赌场罪;破坏易燃易爆设备罪;逃汇罪
426,非法处置查封、扣押、冻结的财产罪;故意伤害罪
427,私分国有资产罪;伪造公司、企业、事业单位、人民团体印章罪
428,徇私舞弊不征、少征税款罪;催收非法债务罪
429,伪造、变造金融票证罪;医疗事故罪;非法购买增值税专用发票、购买伪造的增值税专用发票罪;非法买卖、运输、携带、持有毒品原植物种子、幼苗罪
430,非法获取国家秘密罪;催收非法债务罪;过失损坏广播电视设施、公用电信设施罪
431,交通肇事罪;违规出具金融票证罪
432,组织残疾人、儿童乞讨罪;大型群众性活动重大安全事故罪
433,贪污罪;猥亵儿童罪;组织、领导传销活动罪;侵占罪;倒卖车票、船票罪
434,单位行贿罪;非法制造、买卖、运输、邮寄、储存枪支、弹药、爆炸物罪
435,内幕交易、泄露内幕信息罪;过失决水罪
436,聚众扰乱社会秩序罪;盗窃、抢夺、毁灭国家机关公文、证件、印章罪
437,出售、购买、运输假币罪;徇私枉法罪;非法进行节育手术罪;盗伐林木罪;信用卡诈骗罪
438,强迫劳动罪;徇私舞弊不征、少征税款罪
439,虚假诉讼罪;掩饰、隐瞒犯罪所得、犯罪所得收益罪;非法买卖、运输、携带、持有毒品原植物种子、幼苗罪
440,伪证罪;组织未成年人进行违反治安管理活动罪
441,教育设施重大安全事故罪;故意损毁文物罪
442,强奸罪;帮助犯罪分子逃避处罚罪;信用证诈骗罪;破坏生产经营罪
443,逃税罪;强制猥亵、侮辱罪
444,金融凭证诈骗罪;使用虚假身份证件、盗用身份证件罪;滥用职权罪
445,违法发放林木采伐许可证罪;虐待罪
446,盗窃、抢夺、毁灭国家机关公文、证件、印章罪;抢劫罪
447,妨害动植物防疫、检疫罪;妨害传染病防治罪;劫夺被押解人员罪
448,重大劳动安全事故罪;大型群众性活动重大安全事故罪;逃避商检罪;生产、销售有毒、有害食品罪;组织出卖人体器官罪
449,生产、销售不符合安全标准的食品罪;过失致人重伤罪;抢夺罪;倒卖车票、船票罪
450,生产、销售不符合标准的医用器材罪;违规披露、不披露重要信息罪
451,销售假冒注册商标的商品罪;过失爆炸罪
452,生产、销售伪劣农药、兽药、化肥、种子罪;洗钱罪
453,过失损坏电力设备罪;打击报复证人罪
454,组织、领导传销活动罪;串通投标罪
455,执行判决、裁定滥用职权罪;受贿罪
456,伪证罪;盗掘古人类化石、古脊椎动物化石罪
457,挪用公款罪;非法买卖、运输、携带、持有毒品原植物种子、幼苗罪
458,组织、领导传销活动罪;赌博罪
459,生产、销售伪劣产品罪;非法出租、出借枪支罪;骗购外汇罪;非法批准征收、征用、占用土地罪;组织、利用会道门、邪教组织、利用迷信致人重伤、死亡罪;虚假破产罪;工程重大安全事故罪;受贿罪;投放虚假危险物质罪
460,徇私舞弊不移交刑事案件罪;重大责任事故罪
461,信用证诈骗罪;私分罚没财物罪
462,金融凭证诈骗罪;妨害传染病防治罪
463,暴力取证罪;帮助毁灭、伪造证据罪;过失投放危险物质罪
464,非法采矿罪;破坏性采矿罪;扰乱法庭秩序罪;违法发放贷款罪;持有、使用假币罪;行贿罪;非法采矿罪
465,组织出卖人体器官罪;过失致人重伤罪
466,非法采矿罪;非法买卖、运输、携带、持有毒品原植物种子、幼苗罪
467,违法发放贷款罪;猥亵儿童罪
468,拒不支付劳动报酬罪;组织出卖人体器官罪
469,聚众扰乱社会秩序罪;非法吸收公众存款罪;编造、故意传播虚假信息罪;侵犯通信自由罪;金融凭证诈骗罪;生产、销售不符合标准的医用器材罪;聚众淫乱罪;妨害清算罪
470,伪造、变造、买卖武装部队公文、证件、印章罪;侮辱国旗、国徽、国歌罪;巨额财产来源不明罪
471,提供侵入、非法控制计算机信息系统程序、工具罪;生产、销售、提供假药罪;组织、利用会道门、邪教组织、利用迷信破坏法律实施罪;组织出卖人体器官罪;组织、利用会道门、邪教组织、利用迷信致人重伤、死亡罪;擅自发行股票、公司、企业债券罪
472,协助组织卖淫罪;强迫卖淫罪;辩护人、诉讼代理人毁灭证据、伪造证据、妨害作证罪;聚众淫乱罪;侵犯通信自由罪;刑讯逼供罪
473,串通投标罪;教育设施重大安全事故罪
474,妨害作证罪;聚众斗殴罪
475,猥亵儿童罪;破坏计算机信息系统罪;过失决水罪;破坏计算机信息系统罪;运送他人偷越国（边）境罪;赌博罪
476,妨害公务罪;虐待被监护、看护人罪;盗窃、抢夺枪支、弹药、爆炸物、危险物质罪
477,妨害清算罪;催收非法债务罪;打击报复证人罪;非法购买增值税专用发票、购买伪造的增值税专用发票罪;运送他人偷越国（边）境罪;违规披露、不披露重要信息罪
478,协助组织卖淫罪;过失以危险方法危害公共安全罪
479,招收公务员、学生徇私舞弊罪;强迫交易罪
480,虚报注册资本罪;故意毁坏财物罪;包庇、纵容黑社会性质组织罪
481,组织、利用会道门、邪教组织、利用迷信破坏法律实施罪;组织、领导传销活动罪;非法侵入计算机信息系统罪;非法猎捕、收购、运输、出售陆生野生动物罪
482,票据诈骗罪;包庇毒品犯罪分子罪;强迫他人吸毒罪
483,组织残疾人、儿童乞讨罪;宣扬恐怖主义、极端主义、煽动实施恐怖活动罪
484,倒卖车票、船票罪;非法搜查罪;遗弃罪;大型群众性活动重大安全事故罪
485,非法携带枪支、弹药、管制刀具、危险物品危及公共安全罪;制作、复制、出版、贩卖、传播淫秽物品牟利罪
486,虐待被监管人罪;破坏易燃易爆设备罪;有价证券诈骗罪
487,伪造公司、企业、事业单位、人民团体印章罪;收买被拐卖的妇女、儿童罪
488,伪证罪;聚众冲击军事禁区罪
489,偷越国（边）境罪;非法出售发票罪;虐待罪;非法出售发票罪
490,非法生产、买卖武装部队制式服装罪;扰乱无线电通讯管理秩序罪;隐匿、故意销毁会计凭证、会计账簿、财务会计报告罪
491,生产、销售有毒、有害食品罪;引诱幼女卖淫罪;集资诈骗罪;过失损坏电力设备罪;为亲友非法牟利罪
492,非法猎捕、收购、运输、出售陆生野生动物罪;赌博罪;失职致使在押人员脱逃罪;盗窃、抢夺、毁灭国家机关公文、证件、印章罪;破坏性采矿罪;出具证明文件重大失实罪
493,过失投放危险物质罪;故意泄露国家秘密罪
494,"帮助毁灭、伪造证据罪;出售出入境证件罪;洗钱罪;出具证明文件重大失实罪,非法出租、出借枪支罪;非法采矿罪"
495,生产、销售不符合安全标准的产品罪;侮辱国旗、国徽、国歌罪;虐待被监护、看护人罪
496,销售侵权复制品罪;侵犯著作权罪
497,"劫持船只、汽车罪,故意毁坏财物罪,组织他人偷越国（边）境罪;徇私舞弊减刑、假释、暂予监外执行罪,挪用公款罪,走私、贩卖、运输、制造毒品罪"
498,私分罚没财物罪;代替考试罪;非法生产、买卖警用装备罪
499,劫夺被押解人员罪;非法批准征收、征用、占用土地罪
500,帮助信息网络犯罪活动罪;虚开发票罪
501,侮辱国旗、国徽、国歌罪;介绍贿赂罪;以危险方法危害公共安全罪;爆炸罪;提供虚假证明文件罪
502,伪造、变造、买卖武装部队公文、证件、印章罪;聚众淫乱罪
503,持有、使用假币罪;非法经营罪
504,非法生产、买卖武装部队制式服装罪;非法采矿罪
505,强迫交易罪;违法发放林木采伐许可证罪
506,非法持有、私藏枪支、弹药罪;非法买卖、运输、携带、持有毒品原植物种子、幼苗罪
507,非法携带枪支、弹药、管制刀具、危险物品危及公共安全罪;暴力取证罪
508,阻碍军人执行职务罪;扰乱国家机关工作秩序罪;走私珍贵动物、珍贵动物制品罪;有价证券诈骗罪;容留他人吸毒罪;污染环境罪;骗购外汇罪;出具证明文件重大失实罪
509,虐待被监管人罪;过失以危险方法危害公共安全罪
510,遗弃罪;非法制造、出售非法制造的用于骗取出口退税、抵扣税款发票罪
511,洗钱罪;非法制造、出售非法制造的用于骗取出口退税、抵扣税款发票罪
512,非法搜查罪;非法处置查封、扣押、冻结的财产罪
513,假冒注册商标罪;虚假破产罪
514,妨害作证罪;贪污罪
515,过失投放危险物质罪;非法制造、买卖、运输、邮寄、储存枪支、弹药、爆炸物罪;骗购外汇罪
516,挪用特定款物罪;国有公司、企业、事业单位人员滥用职权罪
517,非法买卖、运输、携带、持有毒品原植物种子、幼苗罪;过失损坏易燃易爆设备罪
518,非法出售增值税专用发票罪;骗取贷款、票据承兑、金融票证罪;保险诈骗罪;不报、谎报安全事故罪
519,生产、销售有毒、有害食品罪;擅自发行股票、公司、企业债券罪
520,重大责任事故罪;出具证明文件重大失实罪
521,强迫劳动罪;危害国家重点保护植物罪;信用卡诈骗罪
522,破坏武器装备、军事设施、军事通信罪;非法低价出让国有土地使用权罪
523,以危险方法危害公共安全罪;组织越狱罪
524,非法侵入计算机信息系统罪;违法发放贷款罪
525,组织、利用会道门、邪教组织、利用迷信致人重伤、死亡罪;破坏计算机信息系统罪;工程重大安全事故罪
526,串通投标罪;单位受贿罪
527,非法搜查罪;内幕交易、泄露内幕信息罪
528,非法生产、买卖、运输制毒物品、走私制毒物品罪;徇私舞弊减刑、假释、暂予监外执行罪
529,生产、销售不符合安全标准的产品罪;过失损坏易燃易爆设备罪
530,滥用职权罪;投放虚假危险物质罪;过失损坏易燃易爆设备罪
531,偷越国（边）境罪;假冒注册商标罪
532,寻衅滋事罪;包庇、纵容黑社会性质组织罪
533,招摇撞骗罪;包庇毒品犯罪分子罪;重大责任事故罪
534,破坏电力设备罪;虐待被监护、看护人罪;大型群众性活动重大安全事故罪;出售出入境证件罪;盗掘古文化遗址、古墓葬罪;提供伪造、变造的出入境证件罪;非法获取国家秘密罪;生产、销售伪劣农药、兽药、化肥、种子罪;过失致人死亡罪;破坏交通设施罪
535,招摇撞骗罪;非法出售、提供试题、答案罪;故意损毁名胜古迹罪;投放虚假危险物质罪
536,猥亵儿童罪;伪造公司、企业、事业单位、人民团体印章罪
537,妨害信用卡管理罪;非法侵入计算机信息系统罪;受贿罪
538,"操纵证券、期货市场罪,生产、销售、提供假药罪;洗钱罪;强迫卖淫罪,猥亵儿童罪;扰乱法庭秩序罪"
539,违法发放林木采伐许可证罪;受贿罪
540,"行贿罪,失职造成珍贵文物损毁、流失罪,逃避追缴欠税罪;非法猎捕、收购、运输、出售陆生野生动物罪,聚众斗殴罪,组织、利用会道门、邪教组织、利用迷信破坏法律实施罪;持有、使用假币罪,职务侵占罪,非法出售增值税专用发票罪"
541,过失以危险方法危害公共安全罪;生产、销售不符合卫生标准的化妆品罪;单位行贿罪
542,招摇撞骗罪;盗窃、抢夺、毁灭国家机关公文、证件、印章罪
543,非法转让、倒卖土地使用权罪;破坏选举罪
544,过失损坏广播电视设施、公用电信设施罪;妨害清算罪;组织、利用会道门、邪教组织、利用迷信破坏法律实施罪
545,帮助犯罪分子逃避处罚罪;私分罚没财物罪;非法制造、买卖、运输、邮寄、储存枪支、弹药、爆炸物罪
546,刑讯逼供罪;走私武器、弹药罪
547,重大劳动安全事故罪;国有公司、企业、事业单位人员滥用职权罪;刑讯逼供罪;动植物检疫徇私舞弊罪
548,徇私舞弊不移交刑事案件罪;妨害动植物防疫、检疫罪
549,信用证诈骗罪;刑讯逼供罪
550,骗取出口退税罪;非法组织卖血罪
551,组织、利用会道门、邪教组织、利用迷信破坏法律实施罪;走私废物罪;伪证罪
552,食品、药品监管渎职罪;引诱幼女卖淫罪;非法低价出让国有土地使用权罪
553,寻衅滋事罪;故意损毁文物罪;强迫他人吸毒罪
554,贷款诈骗罪;过失损坏电力设备罪;非法制造、出售非法制造的发票罪
555,擅自发行股票、公司、企业债券罪;串通投标罪
556,伪造货币罪;内幕交易、泄露内幕信息罪
557,生产、销售有毒、有害食品罪;玩忽职守罪
558,非法出租、出借枪支罪;失职致使在押人员脱逃罪
559,猥亵儿童罪;持有、使用假币罪;非法经营同类营业罪
560,非法制造、出售非法制造的用于骗取出口退税、抵扣税款发票罪;组织、利用会道门、邪教组织、利用迷信破坏法律实施罪
561,过失爆炸罪;容留他人吸毒罪;破坏交通设施罪;掩饰、隐瞒犯罪所得、犯罪所得收益罪;伪造、变造、买卖国家机关公文、证件、印章罪;扰乱法庭秩序罪;聚众冲击军事禁区罪;组织、利用会道门、邪教组织、利用迷信致人重伤、死亡罪;虚报注册资本罪
562,编造、故意传播虚假恐怖信息罪;盗窃罪;逃税罪;虚开发票罪;洗钱罪;过失致人死亡罪
563,非法吸收公众存款罪;非法进行节育手术罪;非法利用信息网络罪;协助组织卖淫罪;伪造、盗窃、买卖、非法提供、非法使用武装部队专用标志罪;虚假出资、抽逃出资罪
564,非法经营同类营业罪;强迫卖淫罪
565,故意损毁名胜古迹罪;执行判决、裁定滥用职权罪;破坏易燃易爆设备罪;损害商业信誉、商品声誉罪;危害珍贵、濒危野生动物罪
566,劫夺被押解人员罪;包庇、纵容黑社会性质组织罪
567,拐卖妇女、儿童罪;对非国家工作人员行贿罪
568,帮助信息网络犯罪活动罪;伪造货币罪;非法进行节育手术罪;过失爆炸罪
569,虚开发票罪;执行判决、裁定滥用职权罪
570,假冒专利罪;危害珍贵、濒危野生动物罪
571,非法携带枪支、弹药、管制刀具、危险物品危及公共安全罪;内幕交易、泄露内幕信息罪
572,消防责任事故罪;生产、销售不符合安全标准的产品罪;传播淫秽物品罪;滥用职权罪
573,袭警罪;妨害信用卡管理罪
574,过失投放危险物质罪;走私武器、弹药罪;伪造公司、企业、事业单位、人民团体印章罪;非法侵入计算机信息系统罪
575,聚众冲击国家机关罪;虚假破产罪
576,暴力取证罪;出售出入境证件罪
577,生产、销售不符合标准的医用器材罪;扰乱国家机关工作秩序罪
578,组织、利用会道门、邪教组织、利用迷信致人重伤、死亡罪;违规出具金融票证罪;医疗事故罪;破坏广播电视设施、公用电信设施罪;破坏性采矿罪;过失损坏武器装备、军事设施、军事通信罪;骗购外汇罪;强制猥亵、侮辱罪
579,执行判决、裁定滥用职权罪;利用未公开信息交易罪
580,包庇、纵容黑社会性质组织罪;职务侵占罪;故意损毁文物罪
581,非法获取国家秘密罪;提供伪造、变造的出入境证件罪
582,破坏计算机信息系统罪;窃取、收买、非法提供信用卡信息罪;内幕交易、泄露内幕信息罪
583,组织未成年人进行违反治安管理活动罪;隐匿、故意销毁会计凭证、会计账簿、财务会计报告罪
584,虚假诉讼罪;过失损坏广播电视设施、公用电信设施罪
585,组织考试作弊罪;非法处置查封、扣押、冻结的财产罪
586,扰乱国家机关工作秩序罪;非法处置查封、扣押、冻结的财产罪;教育设施重大安全事故罪;伪造、变造国家有价证券罪;抢夺罪;偷越国（边）境罪;组织卖淫罪
587,破坏选举罪;过失致人重伤罪;伪造、变造、买卖国家机关公文、证件、印章罪
588,组织卖淫罪;劫夺被押解人员罪
589,破坏易燃易爆设备罪;交通肇事罪
590,破坏生产经营罪;违法发放林木采伐许可证罪;组织、领导、参加黑社会性质组织罪;高利转贷罪
591,洗钱罪;走私武器、弹药罪
592,组织、资助非法聚集罪;生产、销售不符合卫生标准的化妆品罪;出具证明文件重大失实罪;徇私舞弊不征、少征税款罪
593,过失致人重伤罪;非法侵入计算机信息系统罪
594,为亲友非法牟利罪;操纵证券、期货市场罪;伪造、变造国家有价证券罪;非法批准征收、征用、占用土地罪;伪造、变造金融票证罪
595,滥伐林木罪;食品、药品监管渎职罪;非法利用信息网络罪;非法制造、买卖、运输、储存危险物质罪
596,组织考试作弊罪;污染环境罪
597,妨害公务罪;非法出租、出借枪支罪
598,非法出租、出借枪支罪;拐卖妇女、儿童罪
599,国有公司、企业、事业单位人员滥用职权罪;帮助信息网络犯罪活动罪
600,诽谤罪;食品、药品监管渎职罪
601,开设赌场罪;非法持有、私藏枪支、弹药罪;抢夺罪;徇私舞弊减刑、假释、暂予监外执行罪;有价证券诈骗罪;出售出入境证件罪;伪造、盗窃、买卖、非法提供、非法使用武装部队专用标志罪;传播淫秽物品罪;盗伐林木罪;非法生产、销售专用间谍器材、窃听、窃照专用器材罪;协助组织卖淫罪;招摇撞骗罪;签订、履行合同失职被骗罪;妨害信用卡管理罪
602,违法发放贷款罪;金融凭证诈骗罪
603,生产、销售伪劣产品罪;盗伐林木罪;破坏性采矿罪
604,危害珍贵、濒危野生动物罪;走私国家禁止进出口的货物、物品罪;侵占罪
605,串通投标罪;挪用资金罪;职务侵占罪;非法使用窃听、窃照专用器材罪
606,"倒卖车票、船票罪;过失致人死亡罪;徇私舞弊不征、少征税款罪,编造、故意传播虚假信息罪"
607,猥亵儿童罪;单位受贿罪
608,"挪用特定款物罪,催收非法债务罪;故意损毁文物罪,吸收客户资金不入账罪"
609,过失损坏电力设备罪;高利转贷罪
610,动植物检疫徇私舞弊罪;走私废物罪;非法拘禁罪;票据诈骗罪
611,民事、行政枉法裁判罪;利用未公开信息交易罪
612,引诱幼女卖淫罪;诬告陷害罪;强奸罪;非法出售增值税专用发票罪
613,聚众哄抢罪;过失决水罪
614,交通肇事罪;伪造、出售伪造的增值税专用发票罪
615,过失损坏武器装备、军事设施、军事通信罪;破坏生产经营罪;伪造、出售伪造的增值税专用发票罪
616,组织出卖人体器官罪;侵占罪;非法制造、销售非法制造的注册商标标识罪
617,逃税罪;生产、销售不符合安全标准的产品罪;招收公务员、学生徇私舞弊罪
618,破坏武器装备、军事设施、军事通信罪;国有公司、企业、事业单位人员滥用职权罪
619,玩忽职守罪;污染环境罪;铁路运营安全事故罪;有价证券诈骗罪;拐卖妇女、儿童罪;挪用资金罪;爆炸罪;组织、利用会道门、邪教组织、利用迷信破坏法律实施罪
620,伪证罪;非法进行节育手术罪
621,民事、行政枉法裁判罪;过失决水罪
622,走私武器、弹药罪;扰乱法庭秩序罪
623,盗窃、抢夺、毁灭国家机关公文、证件、印章罪;不报、谎报安全事故罪
624,侮辱国旗、国徽、国歌罪;徇私舞弊减刑、假释、暂予监外执行罪;以危险方法危害公共安全罪
625,包庇毒品犯罪分子罪;宣扬恐怖主义、极端主义、煽动实施恐怖活动罪
626,过失损毁文物罪;侵犯公民个人信息罪;扰乱法庭秩序罪
627,暴力取证罪;非法收购、运输盗伐、滥伐的林木罪
628,非法获取计算机信息系统数据、非法控制计算机信息系统罪;故意损毁名胜古迹罪
629,非国家工作人员受贿罪;大型群众性活动重大安全事故罪
630,非法出售发票罪;编造、故意传播虚假信息罪;非法制造、销售非法制造的注册商标标识罪;劫持船只、汽车罪
631,偷越国（边）境罪;侮辱国旗、国徽、国歌罪;消防责任事故罪
632,强迫交易罪;过失损坏易燃易爆设备罪;内幕交易、泄露内幕信息罪
633,徇私枉法罪;生产、销售、提供假药罪
634,抢劫罪;生产、销售不符合标准的医用器材罪
635,伪造、变造金融票证罪;非法占用农用地罪;损害商业信誉、商品声誉罪;危害珍贵、濒危野生动物罪
636,强迫他人吸毒罪;对有影响力的人行贿罪;组织、资助非法聚集罪
637,受贿罪;虚报注册资本罪
638,非法生产、买卖武装部队制式服装罪;脱逃罪;代替考试罪
639,非国家工作人员受贿罪;过失损坏电力设备罪;使用虚假身份证件、盗用身份证件罪
640,非法买卖、运输、携带、持有毒品原植物种子、幼苗罪;提供虚假证明文件罪
641,袭警罪;招摇撞骗罪
642,职务侵占罪;伪造、盗窃、买卖、非法提供、非法使用武装部队专用标志罪
643,帮助信息网络犯罪活动罪;阻碍军人执行职务罪;侵犯公民个人信息罪
644,食品、药品监管渎职罪;生产、销售有毒、有害食品罪;非法狩猎罪
645,危害珍贵、濒危野生动物罪;单位受贿罪
646,刑讯逼供罪;污染环境罪
647,帮助犯罪分子逃避处罚罪;过失损坏武器装备、军事设施、军事通信罪
648,倒卖文物罪;强奸罪;协助组织卖淫罪
649,盗掘古人类化石、古脊椎动物化石罪;聚众淫乱罪
650,工程重大安全事故罪;过失决水罪;非法生产、买卖武装部队制式服装罪;信用证诈骗罪;违法发放贷款罪
651,辩护人、诉讼代理人毁灭证据、伪造证据、妨害作证罪;赌博罪
652,假冒注册商标罪;非法生产、买卖、运输制毒物品、走私制毒物品罪
653,倒卖文物罪;过失投放危险物质罪;组织、领导、参加黑社会性质组织罪;引诱、教唆、欺骗他人吸毒罪
654,非法进行节育手术罪;非法吸收公众存款罪;民事、行政枉法裁判罪;危险驾驶罪
655,强迫交易罪;传授犯罪方法罪
656,破坏选举罪;行贿罪
657,传播性病罪;妨害作证罪
658,包庇毒品犯罪分子罪;损害商业信誉、商品声誉罪
659,销售侵权复制品罪;绑架罪;非法收购、运输盗伐、滥伐的林木罪;伪造、变造、买卖武装部队公文、证件、印章罪
660,故意毁坏财物罪;引诱幼女卖淫罪
661,滥伐林木罪;强迫劳动罪
662,贷款诈骗罪;投放虚假危险物质罪;组织出卖人体器官罪
663,盗掘古人类化石、古脊椎动物化石罪;出具证明文件重大失实罪
664,抢夺罪;非法行医罪;生产、销售不符合标准的医用器材罪
665,盗窃罪;民事、行政枉法裁判罪
666,非法拘禁罪;非法出售、提供试题、答案罪
667,虐待被监护、看护人罪;破坏电力设备罪;倒卖车票、船票罪
668,失职致使在押人员脱逃罪;聚众扰乱社会秩序罪;拐骗儿童罪;妨害动植物防疫、检疫罪;故意杀人罪
669,帮助犯罪分子逃避处罚罪;组织、领导传销活动罪
670,过失损坏武器装备、军事设施、军事通信罪;操纵证券、期货市场罪
671,扰乱无线电通讯管理秩序罪;提供侵入、非法控制计算机信息系统程序、工具罪;伪造货币罪;欺诈发行证券罪
672,隐匿、故意销毁会计凭证、会计账簿、财务会计报告罪;帮助毁灭、伪造证据罪
673,破坏计算机信息系统罪;投放危险物质罪
674,抢夺罪;金融凭证诈骗罪
675,单位受贿罪;妨害清算罪
676,私分国有资产罪;妨害公务罪;有价证券诈骗罪
677,走私贵重金属罪;有价证券诈骗罪
678,非法经营同类营业罪;交通肇事罪;重婚罪
679,国有公司、企业、事业单位人员滥用职权罪;破坏计算机信息系统罪
680,违法发放贷款罪;故意泄露国家秘密罪;伪造、盗窃、买卖、非法提供、非法使用武装部队专用标志罪
681,侵占罪;持有、使用假币罪
682,利用影响力受贿罪;非法行医罪
683,玩忽职守罪;非法组织卖血罪;伪造、变造国家有价证券罪
684,宣扬恐怖主义、极端主义、煽动实施恐怖活动罪;非法猎捕、收购、运输、出售陆生野生动物罪
685,贪污罪;非法狩猎罪
686,动植物检疫徇私舞弊罪;伪造、出售伪造的增值税专用发票罪;盗窃、抢夺、毁灭国家机关公文、证件、印章罪
687,破坏性采矿罪;重婚罪
688,诽谤罪;强令、组织他人违章冒险作业罪;有价证券诈骗罪;逃避追缴欠税罪;脱逃罪
689,破坏交通工具罪;失火罪
690,打击报复证人罪;窝藏、转移、隐瞒毒品、毒赃罪
691,对有影响力的人行贿罪;冒充军人招摇撞骗罪
692,强迫他人吸毒罪;走私贵重金属罪;串通投标罪;窃取、收买、非法提供信用卡信息罪;私分罚没财物罪
693,组织未成年人进行违反治安管理活动罪;虚假破产罪;侮辱国旗、国徽、国歌罪;过失致人死亡罪;编造、故意传播虚假恐怖信息罪;动植物检疫徇私舞弊罪;失职造成珍贵文物损毁、流失罪;破坏计算机信息系统罪;故意损毁名胜古迹罪;破坏交通工具罪;走私武器、弹药罪;污染环境罪;重大责任事故罪;使用虚假身份证件、盗用身份证件罪;内幕交易、泄露内幕信息罪;窝藏、转移、隐瞒毒品、毒赃罪;失火罪;重大劳动安全事故罪;提供虚假证明文件罪;过失损毁文物罪;走私贵重金属罪;非法处置进口的固体废物罪;侮辱罪;信用证诈骗罪;组织残疾人、儿童乞讨罪;投放虚假危险物质罪;挪用公款罪;引诱幼女卖淫罪
694,侵犯商业秘密罪;非法获取计算机信息系统数据、非法控制计算机信息系统罪
695,破坏广播电视设施、公用电信设施罪;制作、复制、出版、贩卖、传播淫秽物品牟利罪
696,职务侵占罪;骗取出口退税罪
697,"集资诈骗罪;非法制造、买卖、运输、储存危险物质罪;滥伐林木罪;组织、利用会道门、邪教组织、利用迷信致人重伤、死亡罪,破坏武器装备、军事设施、军事通信罪;介绍贿赂罪"
698,持有、使用假币罪;介绍贿赂罪
699,非法侵入住宅罪;私放在押人员罪
700,组织卖淫罪;帮助信息网络犯罪活动罪
701,金融凭证诈骗罪;非法使用窃听、窃照专用器材罪;拐卖妇女、儿童罪
702,非法侵入住宅罪;伪造、盗窃、买卖、非法提供、非法使用武装部队专用标志罪;非法生产、销售专用间谍器材、窃听、窃照专用器材罪;故意泄露国家秘密罪;暴力取证罪;故意损毁名胜古迹罪;环境监管失职罪;协助组织卖淫罪;动植物检疫徇私舞弊罪;过失损坏易燃易爆设备罪
703,过失损坏武器装备、军事设施、军事通信罪;放火罪
704,单位行贿罪;扰乱无线电通讯管理秩序罪;伪造货币罪
705,利用未公开信息交易罪;危险物品肇事罪
706,过失以危险方法危害公共安全罪;骗取出境证件罪;教育设施重大安全事故罪;过失决水罪;伪造、变造、买卖身份证件罪
707,集资诈骗罪;偷越国（边）境罪
708,阻碍军人执行职务罪;聚众冲击国家机关罪
709,隐匿、故意销毁会计凭证、会计账簿、财务会计报告罪;执行判决、裁定滥用职权罪
710,利用未公开信息交易罪;伪造、变造金融票证罪
711,侵犯商业秘密罪;骗取出境证件罪;非法出售增值税专用发票罪;抢夺罪;侵犯著作权罪;打击报复证人罪;虚假诉讼罪;非法捕捞水产品罪
712,"民事、行政枉法裁判罪;破坏武器装备、军事设施、军事通信罪;出售出入境证件罪;聚众冲击军事禁区罪;破坏广播电视设施、公用电信设施罪;保险诈骗罪;非法采矿罪;提供侵入、非法控制计算机信息系统程序、工具罪;非法利用信息网络罪,对单位行贿罪,高利转贷罪;包庇、纵容黑社会性质组织罪"
713,伪造公司、企业、事业单位、人民团体印章罪;重大责任事故罪
714,介绍贿赂罪;拒不支付劳动报酬罪;侵犯通信自由罪
715,医疗事故罪;帮助毁灭、伪造证据罪
716,故意毁坏财物罪;放纵走私罪;强制猥亵、侮辱罪
717,诬告陷害罪;打击报复证人罪
718,侵占罪;拐卖妇女、儿童罪
719,逃税罪;非法占用农用地罪;组织、领导、参加黑社会性质组织罪;隐匿、故意销毁会计凭证、会计账簿、财务会计报告罪
720,票据诈骗罪;非法出售增值税专用发票罪
721,生产、销售伪劣产品罪;暴力取证罪;非法狩猎罪;盗窃、侮辱、故意毁坏尸体、尸骨、骨灰罪;虐待被监管人罪
722,提供虚假证明文件罪;帮助犯罪分子逃避处罚罪;非法制造、买卖、运输、储存危险物质罪;吸收客户资金不入账罪;民事、行政枉法裁判罪;寻衅滋事罪;非法狩猎罪;破坏电力设备罪;徇私舞弊减刑、假释、暂予监外执行罪;过失投放危险物质罪;非法吸收公众存款罪;侵犯商业秘密罪;非法利用信息网络罪;生产、销售伪劣产品罪;过失损坏易燃易爆设备罪;聚众扰乱社会秩序罪;非法使用窃听、窃照专用器材罪;虚开发票罪;组织他人偷越国（边）境罪;组织、领导传销活动罪;伪造、倒卖伪造的有价票证罪;过失以危险方法危害公共安全罪
723,签订、履行合同失职被骗罪;过失致人重伤罪
724,扰乱无线电通讯管理秩序罪;放火罪
725,逃汇罪;私分国有资产罪
726,非法侵入计算机信息系统罪;内幕交易、泄露内幕信息罪;组织、利用会道门、邪教组织、利用迷信破坏法律实施罪;聚众淫乱罪;非法携带枪支、弹药、管制刀具、危险物品危及公共安全罪;故意泄露国家秘密罪;协助组织卖淫罪;危害国家重点保护植物罪;危害珍贵、濒危野生动物罪;故意泄露国家秘密罪;宣扬恐怖主义、极端主义、煽动实施恐怖活动罪;拐骗儿童罪;过失损坏易燃易爆设备罪;非法采矿罪;故意毁坏财物罪;放火罪;非法制造、出售非法制造的用于骗取出口退税、抵扣税款发票罪;帮助信息网络犯罪活动罪;危险物品肇事罪;掩饰、隐瞒犯罪所得、犯罪所得收益罪
727,劫持船只、汽车罪;使用虚假身份证件、盗用身份证件罪;虐待罪
728,行贿罪;抢劫罪
729,制作、复制、出版、贩卖、传播淫秽物品牟利罪;故意杀人罪
730,伪造、出售伪造的增值税专用发票罪;民事、行政枉法裁判罪
731,骗取出口退税罪;非法出售发票罪
732,串通投标罪;使用虚假身份证件、盗用身份证件罪;虚假出资、抽逃出资罪;组织、领导、参加黑社会性质组织罪
733,盗窃、抢夺枪支、弹药、爆炸物、危险物质罪;抢夺罪
734,伪造、出售伪造的增值税专用发票罪;非法制造、买卖、运输、邮寄、储存枪支、弹药、爆炸物罪
735,非法出租、出借枪支罪;盗窃、侮辱、故意毁坏尸体、尸骨、骨灰罪;破坏广播电视设施、公用电信设施罪
736,刑讯逼供罪;生产、销售不符合安全标准的产品罪
737,故意伤害罪;生产、销售不符合卫生标准的化妆品罪;非法出售用于骗取出口退税、抵扣税款发票罪
738,破坏广播电视设施、公用电信设施罪;过失投放危险物质罪
739,污染环境罪;失职造成珍贵文物损毁、流失罪;故意杀人罪
740,非法获取计算机信息系统数据、非法控制计算机信息系统罪;洗钱罪
741,保险诈骗罪;诈骗罪
742,"危险物品肇事罪;非法制造、出售非法制造的用于骗取出口退税、抵扣税款发票罪;非法生产、买卖警用装备罪;破坏武器装备、军事设施、军事通信罪,非法购买增值税专用发票、购买伪造的增值税专用发票罪"
743,过失决水罪;吸收客户资金不入账罪
744,强迫劳动罪;冒充军人招摇撞骗罪
745,虚假出资、抽逃出资罪;传播性病罪;对有影响力的人行贿罪
746,"挪用公款罪;单位受贿罪,非法出售、提供试题、答案罪;非法进行节育手术罪,销售假冒注册商标的商品罪;组织卖淫罪;持有、使用假币罪,诽谤罪;组织卖淫罪,拐骗儿童罪,滥伐林木罪;非法买卖、运输、携带、持有毒品原植物种子、幼苗罪,过失致人重伤罪"
747,损害商业信誉、商品声誉罪;利用影响力受贿罪
748,伪造、倒卖伪造的有价票证罪;非法出售发票罪
749,敲诈勒索罪;非法持有、私藏枪支、弹药罪;传播性病罪
750,拐骗儿童罪;破坏生产经营罪;劫持船只、汽车罪;非法组织卖血罪
751,伪造、倒卖伪造的有价票证罪;虚开增值税专用发票、用于骗取出口退税、抵扣税款发票罪
752,伪证罪;虐待罪
753,聚众哄抢罪;违法发放贷款罪
754,单位受贿罪;危害珍贵、濒危野生动物罪
755,私分国有资产罪;非法买卖、运输、携带、持有毒品原植物种子、幼苗罪
756,对非国家工作人员行贿罪;破坏易燃易爆设备罪
757,非法组织卖血罪;利用未公开信息交易罪
758,单位受贿罪;非法批准征收、征用、占用土地罪
759,虚开发票罪;擅自发行股票、公司、企业债券罪;大型群众性活动重大安全事故罪
760,徇私舞弊不征、少征税款罪;强迫卖淫罪;非法制造、买卖、运输、储存危险物质罪;非法种植毒品原植物罪;危险驾驶罪;非法持有、私藏枪支、弹药罪;教育设施重大安全事故罪;失火罪;破坏交通工具罪;诬告陷害罪
761,教育设施重大安全事故罪;走私珍贵动物、珍贵动物制品罪;伪证罪;签订、履行合同失职被骗罪
762,走私普通货物、物品罪;生产、销售不符合安全标准的食品罪
763,以危险方法危害公共安全罪;运送他人偷越国（边）境罪
764,失火罪;编造、故意传播虚假信息罪;组织他人偷越国（边）境罪;袭警罪
765,组织淫秽表演罪;故意杀人罪
766,辩护人、诉讼代理人毁灭证据、伪造证据、妨害作证罪;过失损坏武器装备、军事设施、军事通信罪
767,非法拘禁罪;窝藏、包庇罪;聚众斗殴罪;金融凭证诈骗罪;介绍贿赂罪;窝藏、转移、隐瞒毒品、毒赃罪;动植物检疫徇私舞弊罪;聚众冲击国家机关罪
768,持有伪造的发票罪;故意杀人罪
769,容留他人吸毒罪;抢劫罪;过失以危险方法危害公共安全罪
770,寻衅滋事罪;侵占罪
771,寻衅滋事罪;破坏广播电视设施、公用电信设施罪;非法携带枪支、弹药、管制刀具、危险物品危及公共安全罪
772,聚众哄抢罪;医疗事故罪
773,虚假出资、抽逃出资罪;生产、销售伪劣农药、兽药、化肥、种子罪
774,国有公司、企业、事业单位人员失职罪;私分国有资产罪
775,失职致使在押人员脱逃罪;破坏性采矿罪
776,巨额财产来源不明罪;寻衅滋事罪
777,生产、销售伪劣农药、兽药、化肥、种子罪;污染环境罪;包庇毒品犯罪分子罪;非法出售、提供试题、答案罪;投放危险物质罪;假冒注册商标罪;绑架罪
778,国有公司、企业、事业单位人员失职罪;投放虚假危险物质罪;赌博罪
779,单位受贿罪;私放在押人员罪;重大责任事故罪;非法拘禁罪
780,对有影响力的人行贿罪;过失以危险方法危害公共安全罪
781,拒不执行判决、裁定罪;组织、资助非法聚集罪
782,私分国有资产罪;逃避追缴欠税罪;骗购外汇罪
783,赌博罪;违规出具金融票证罪
784,非法进行节育手术罪;骗购外汇罪
785,抢夺罪;非法出售、提供试题、答案罪;引诱幼女卖淫罪;走私普通货物、物品罪
786,受贿罪;出售、购买、运输假币罪
787,非法生产、买卖、运输制毒物品、走私制毒物品罪;倒卖车票、船票罪;帮助犯罪分子逃避处罚罪
788,重婚罪;招收公务员、学生徇私舞弊罪;盗窃、抢夺、毁灭国家机关公文、证件、印章罪
789,医疗事故罪;持有伪造的发票罪
790,制作、复制、出版、贩卖、传播淫秽物品牟利罪;伪造、变造国家有价证券罪
791,投放虚假危险物质罪;聚众斗殴罪
792,保险诈骗罪;危险物品肇事罪
793,徇私枉法罪;虚假诉讼罪
794,冒充军人招摇撞骗罪;强制猥亵、侮辱罪;偷越国（边）境罪
795,赌博罪;隐匿、故意销毁会计凭证、会计账簿、财务会计报告罪;信用卡诈骗罪
796,开设赌场罪;教育设施重大安全事故罪
797,走私、贩卖、运输、制造毒品罪;故意损毁文物罪
798,组织残疾人、儿童乞讨罪;污染环境罪
799,伪造、变造金融票证罪;为亲友非法牟利罪
800,帮助信息网络犯罪活动罪;医疗事故罪
801,行贿罪;虚开增值税专用发票、用于骗取出口退税、抵扣税款发票罪;生产、销售不符合安全标准的食品罪;工程重大安全事故罪
802,放火罪;盗窃、抢夺枪支、弹药、爆炸物、危险物质罪;故意损毁名胜古迹罪
803,敲诈勒索罪;过失损坏易燃易爆设备罪
804,诽谤罪;挪用公款罪
805,破坏监管秩序罪;违法发放贷款罪;出具证明文件重大失实罪;违规披露、不披露重要信息罪;拒不支付劳动报酬罪;聚众斗殴罪;内幕交易、泄露内幕信息罪;组织考试作弊罪
806,抢夺罪;非法利用信息网络罪
807,非法持有毒品罪;非法行医罪
808,倒卖车票、船票罪;窃取、收买、非法提供信用卡信息罪;抢夺罪
809,强迫劳动罪;投放虚假危险物质罪
810,过失致人死亡罪;吸收客户资金不入账罪;损害商业信誉、商品声誉罪
811,贪污罪;传播性病罪
812,传授犯罪方法罪;妨害作证罪;虐待罪
813,非法拘禁罪;制作、复制、出版、贩卖、传播淫秽物品牟利罪
814,破坏性采矿罪;破坏选举罪
815,签订、履行合同失职被骗罪;贷款诈骗罪
816,非法制造、出售非法制造的用于骗取出口退税、抵扣税款发票罪;诈骗罪;聚众斗殴罪;放火罪
817,抢劫罪;重婚罪;非法出售发票罪
818,假冒注册商标罪;强迫卖淫罪
819,破坏性采矿罪;聚众扰乱社会秩序罪
820,"国有公司、企业、事业单位人员失职罪,操纵证券、期货市场罪;私分罚没财物罪"
821,投放危险物质罪;对单位行贿罪
822,侵占罪;聚众斗殴罪
823,挪用公款罪;隐匿、故意销毁会计凭证、会计账簿、财务会计报告罪;过失致人重伤罪
824,非法出售发票罪;虚假诉讼罪;妨害传染病防治罪;非法出租、出借枪支罪
825,走私、贩卖、运输、制造毒品罪;组织出卖人体器官罪;聚众淫乱罪
826,招收公务员、学生徇私舞弊罪;虚假出资、抽逃出资罪;私放在押人员罪;盗窃罪;动植物检疫徇私舞弊罪
827,倒卖文物罪;非法经营同类营业罪;滥用职权罪;诽谤罪;行贿罪
828,失职造成珍贵文物损毁、流失罪;打击报复证人罪;袭警罪
829,引诱、容留、介绍卖淫罪;危险驾驶罪;虐待罪;非法侵入计算机信息系统罪
830,贷款诈骗罪;危险驾驶罪
831,非法转让、倒卖土地使用权罪;为亲友非法牟利罪;非法采矿罪
832,引诱幼女卖淫罪;生产、销售不符合标准的医用器材罪
833,动植物检疫徇私舞弊罪;盗窃、抢夺枪支、弹药、爆炸物、危险物质罪
834,遗弃罪;重大责任事故罪
835,铁路运营安全事故罪;非法狩猎罪
836,组织、领导传销活动罪;抢夺罪;催收非法债务罪;妨害动植物防疫、检疫罪;虐待被监护、看护人罪;非法吸收公众存款罪
837,聚众斗殴罪;食品、药品监管渎职罪
838,过失投放危险物质罪;危害国家重点保护植物罪
839,走私、贩卖、运输、制造毒品罪;伪造、变造、买卖武装部队公文、证件、印章罪
840,招收公务员、学生徇私舞弊罪;虐待罪;组织越狱罪
841,放火罪;盗窃、抢夺枪支、弹药、爆炸物、危险物质罪
842,聚众斗殴罪;盗掘古人类化石、古脊椎动物化石罪
843,招收公务员、学生徇私舞弊罪;刑讯逼供罪;提供伪造、变造的出入境证件罪;虚报注册资本罪;组织、领导、参加黑社会性质组织罪;伪造、倒卖伪造的有价票证罪;聚众扰乱公共场所秩序、交通秩序罪
844,挪用资金罪;危险物品肇事罪
845,引诱、教唆、欺骗他人吸毒罪;放火罪
846,非法狩猎罪;非法处置进口的固体废物罪;抢劫罪
847,过失爆炸罪;玩忽职守罪;过失决水罪
848,非法收购、运输盗伐、滥伐的林木罪;贪污罪
849,倒卖文物罪;非法捕捞水产品罪
850,强制猥亵、侮辱罪;徇私舞弊不征、少征税款罪;非法生产、买卖、运输制毒物品、走私制毒物品罪
851,故意泄露国家秘密罪;对非国家工作人员行贿罪;盗掘古人类化石、古脊椎动物化石罪
852,诬告陷害罪;伪造、变造、买卖身份证件罪;投放虚假危险物质罪
853,重婚罪;非法获取国家秘密罪
854,妨害动植物防疫、检疫罪;倒卖文物罪;虚假出资、抽逃出资罪
855,签订、履行合同失职被骗罪;盗伐林木罪;过失损毁文物罪
856,非法出售增值税专用发票罪;虚开发票罪
857,侵犯公民个人信息罪;虚假广告罪
858,帮助信息网络犯罪活动罪;强迫劳动罪
859,破坏生产经营罪;信用卡诈骗罪
860,贷款诈骗罪;利用未公开信息交易罪;失火罪
861,组织卖淫罪;辩护人、诉讼代理人毁灭证据、伪造证据、妨害作证罪
862,非法吸收公众存款罪;使用虚假身份证件、盗用身份证件罪
863,私分罚没财物罪;走私国家禁止进出口的货物、物品罪;签订、履行合同失职被骗罪;侵占罪;重婚罪;徇私枉法罪;非法携带枪支、弹药、管制刀具、危险物品危及公共安全罪;放纵走私罪
864,非法持有、私藏枪支、弹药罪;虐待被监管人罪
865,非法处置进口的固体废物罪;偷越国（边）境罪
866,非法侵入计算机信息系统罪;假冒专利罪;帮助毁灭、伪造证据罪;出具证明文件重大失实罪
867,容留他人吸毒罪;非法处置查封、扣押、冻结的财产罪
868,贷款诈骗罪;贷款诈骗罪
869,遗弃罪;出具证明文件重大失实罪;贪污罪
870,聚众斗殴罪;过失爆炸罪
871,寻衅滋事罪;违规披露、不披露重要信息罪;行贿罪
872,工程重大安全事故罪;危害珍贵、濒危野生动物罪;假冒注册商标罪;包庇毒品犯罪分子罪;窝藏、包庇罪;妨害信用卡管理罪;过失损坏电力设备罪;私放在押人员罪;销售侵权复制品罪;逃税罪
873,走私贵重金属罪;帮助毁灭、伪造证据罪
874,拒不支付劳动报酬罪;伪造、变造金融票证罪;走私珍贵动物、珍贵动物制品罪;非法利用信息网络罪
875,组织残疾人、儿童乞讨罪;逃避商检罪
876,使用虚假身份证件、盗用身份证件罪;非法采矿罪;逃汇罪
877,倒卖文物罪;聚众淫乱罪;伪造、变造国家有价证券罪;刑讯逼供罪;行贿罪;徇私舞弊减刑、假释、暂予监外执行罪
878,生产、销售不符合安全标准的产品罪;组织他人偷越国（边）境罪;职务侵占罪
879,提供虚假证明文件罪;徇私舞弊不征、少征税款罪;伪造、出售伪造的增值税专用发票罪
880,内幕交易、泄露内幕信息罪;扰乱法庭秩序罪
881,过失爆炸罪;破坏电力设备罪
882,挪用资金罪;违规出具金融票证罪
883,销售侵权复制品罪;组织未成年人进行违反治安管理活动罪;窃取、收买、非法提供信用卡信息罪;走私、贩卖、运输、制造毒品罪;扰乱无线电通讯管理秩序罪;非法收购、运输盗伐、滥伐的林木罪
884,拒不支付劳动报酬罪;伪造货币罪;非法制造、销售非法制造的注册商标标识罪;非法猎捕、收购、运输、出售陆生野生动物罪
885,信用卡诈骗罪;巨额财产来源不明罪;猥亵儿童罪;聚众冲击军事禁区罪
886,窃取、收买、非法提供信用卡信息罪;虚假诉讼罪
887,宣扬恐怖主义、极端主义、煽动实施恐怖活动罪;非法生产、买卖警用装备罪;铁路运营安全事故罪;单位受贿罪;劫夺被押解人员罪
888,危害国家重点保护植物罪;组织、领导传销活动罪
889,扰乱无线电通讯管理秩序罪;国有公司、企业、事业单位人员滥用职权罪;非法生产、买卖警用装备罪;失火罪;非法使用窃听、窃照专用器材罪;故意损毁名胜古迹罪;伪证罪;走私国家禁止进出口的货物、物品罪;盗窃、抢夺、毁灭国家机关公文、证件、印章罪;妨害作证罪;集资诈骗罪;徇私舞弊不移交刑事案件罪;生产、销售不符合安全标准的食品罪;破坏武器装备、军事设施、军事通信罪;破坏监管秩序罪;妨害传染病防治罪;妨害动植物防疫、检疫罪
890,组织出卖人体器官罪;走私珍贵动物、珍贵动物制品罪;非法制造、出售非法制造的用于骗取出口退税、抵扣税款发票罪;引诱幼女卖淫罪;非法利用信息网络罪;强奸罪;虚开发票罪;盗掘古人类化石、古脊椎动物化石罪
891,非法制造、销售非法制造的注册商标标识罪;单位行贿罪
892,销售假冒注册商标的商品罪;非法出售、提供试题、答案罪;非法集会、游行、示威罪
893,拐卖妇女、儿童罪;徇私舞弊不征、少征税款罪;徇私舞弊不移交刑事案件罪
894,"非法集会、游行、示威罪,走私、贩卖、运输、制造毒品罪,欺诈发行证券罪;以危险方法危害公共安全罪,合同诈骗罪;非法购买增值税专用发票、购买伪造的增值税专用发票罪,生产、销售不符合卫生标准的化妆品罪;走私、贩卖、运输、制造毒品罪,代替考试罪;私分国有资产罪,掩饰、隐瞒犯罪所得、犯罪所得收益罪;非法占用农用地罪,帮助信息网络犯罪活动罪;非法经营罪,强迫交易罪,虐待被监管人罪"
895,虐待罪;生产、销售伪劣农药、兽药、化肥、种子罪;生产、销售有毒、有害食品罪;投放危险物质罪
896,生产、销售不符合安全标准的食品罪;窃取、收买、非法提供信用卡信息罪;洗钱罪
897,伪造、盗窃、买卖、非法提供、非法使用武装部队专用标志罪;阻碍军人执行职务罪
898,破坏武器装备、军事设施、军事通信罪;伪造公司、企业、事业单位、人民团体印章罪;巨额财产来源不明罪;组织、领导、参加黑社会性质组织罪
899,传播性病罪;玩忽职守罪;保险诈骗罪
900,扰乱国家机关工作秩序罪;信用证诈骗罪
901,非法侵入住宅罪;侵犯通信自由罪;组织越狱罪;组织淫秽表演罪
902,生产、销售、提供假药罪;盗窃、抢夺枪支、弹药、爆炸物、危险物质罪;拒不支付劳动报酬罪;虚假广告罪
903,串通投标罪;传授犯罪方法罪;强奸罪;非法占用农用地罪;投放危险物质罪;骗取出境证件罪;过失致人重伤罪;交通肇事罪;违法发放贷款罪;伪造货币罪;强迫劳动罪;寻衅滋事罪;非法转让、倒卖土地使用权罪
904,医疗事故罪;非法制造、出售非法制造的用于骗取出口退税、抵扣税款发票罪
905,组织出卖人体器官罪;环境监管失职罪;信用卡诈骗罪;出售出入境证件罪;危险驾驶罪
906,虚假广告罪;信用卡诈骗罪
907,伪造、出售伪造的增值税专用发票罪;逃避商检罪
908,非法出售、提供试题、答案罪;劫持船只、汽车罪
909,利用未公开信息交易罪;侮辱罪
910,强迫劳动罪;集资诈骗罪
911,"窝藏、包庇罪,骗取出境证件罪;签订、履行合同失职被骗罪,非法进行节育手术罪;危险物品肇事罪,妨害动植物防疫、检疫罪;伪造、变造、买卖武装部队公文、证件、印章罪,非法组织卖血罪,非法吸收公众存款罪"
912,侵犯著作权罪;非法出租、出借枪支罪
913,危害珍贵、濒危野生动物罪;绑架罪;窃取、收买、非法提供信用卡信息罪;打击报复证人罪
914,赌博罪;失职造成珍贵文物损毁、流失罪
915,"非法生产、销售专用间谍器材、窃听、窃照专用器材罪,破坏易燃易爆设备罪,倒卖文物罪;骗取出口退税罪;帮助信息网络犯罪活动罪;非法出售发票罪;非法持有、私藏枪支、弹药罪"
916,妨害清算罪;诬告陷害罪
917,滥用职权罪;破坏生产经营罪
918,协助组织卖淫罪;非法购买增值税专用发票、购买伪造的增值税专用发票罪
919,破坏交通设施罪;伪造、变造国家有价证券罪
920,非法携带枪支、弹药、管制刀具、危险物品危及公共安全罪;介绍贿赂罪
921,故意损毁文物罪;盗伐林木罪;不报、谎报安全事故罪
922,倒卖文物罪;组织卖淫罪;聚众扰乱社会秩序罪
923,保险诈骗罪;出售出入境证件罪
924,破坏选举罪;污染环境罪
925,妨害清算罪;出具证明文件重大失实罪
926,不报、谎报安全事故罪;擅自发行股票、公司、企业债券罪
927,非法采矿罪;虚假破产罪
928,非法制造、出售非法制造的发票罪;扰乱法庭秩序罪;收买被拐卖的妇女、儿童罪;盗窃罪
929,走私武器、弹药罪;强迫他人吸毒罪
930,动植物检疫徇私舞弊罪;徇私舞弊减刑、假释、暂予监外执行罪
931,为亲友非法牟利罪;扰乱法庭秩序罪
932,侵犯著作权罪;贷款诈骗罪
933,运送他人偷越国（边）境罪;过失致人重伤罪
934,运送他人偷越国（边）境罪;组织考试作弊罪;组织越狱罪;虚假出资、抽逃出资罪;组织、利用会道门、邪教组织、利用迷信破坏法律实施罪;走私珍贵动物、珍贵动物制品罪;传播淫秽物品罪;欺诈发行证券罪
935,妨害作证罪;强迫卖淫罪;强迫交易罪
936,聚众冲击国家机关罪;引诱幼女卖淫罪;逃避追缴欠税罪;非法处置查封、扣押、冻结的财产罪;过失损坏电力设备罪;贪污罪;非法出售、提供试题、答案罪
937,侵犯著作权罪;保险诈骗罪
938,强迫他人吸毒罪;抢劫罪
939,非法持有、私藏枪支、弹药罪;打击报复证人罪;脱逃罪;受贿罪;使用虚假身份证件、盗用身份证件罪;介绍贿赂罪
940,组织、利用会道门、邪教组织、利用迷信致人重伤、死亡罪;妨害作证罪
941,组织越狱罪;内幕交易、泄露内幕信息罪
942,编造、故意传播虚假恐怖信息罪;窝藏、包庇罪;虚假广告罪
943,合同诈骗罪;违法发放林木采伐许可证罪
944,"过失致人重伤罪,利用影响力受贿罪;非法制造、买卖、运输、储存危险物质罪;组织越狱罪;非法种植毒品原植物罪;组织、资助非法聚集罪;非法制造、出售非法制造的发票罪;教育设施重大安全事故罪,伪造、变造、买卖武装部队公文、证件、印章罪;票据诈骗罪;故意杀人罪"
945,破坏性采矿罪;抢劫罪;信用卡诈骗罪
946,"引诱、教唆、欺骗他人吸毒罪;拒不执行判决、裁定罪,盗窃、侮辱、故意毁坏尸体、尸骨、骨灰罪"
947,诈骗罪;提供虚假证明文件罪
948,非法制造、出售非法制造的发票罪;妨害作证罪
949,非法收购、运输盗伐、滥伐的林木罪;高利转贷罪;破坏广播电视设施、公用电信设施罪
950,招收公务员、学生徇私舞弊罪;聚众扰乱公共场所秩序、交通秩序罪
951,妨害清算罪;侮辱罪
952,非法处置查封、扣押、冻结的财产罪;贪污罪
953,"徇私舞弊减刑、假释、暂予监外执行罪;徇私舞弊不征、少征税款罪;非法转让、倒卖土地使用权罪;制作、复制、出版、贩卖、传播淫秽物品牟利罪;帮助毁灭、伪造证据罪;信用卡诈骗罪,代替考试罪"
954,伪造、变造国家有价证券罪;交通肇事罪;破坏易燃易爆设备罪;操纵证券、期货市场罪;生产、销售有毒、有害食品罪
955,组织卖淫罪;爆炸罪
956,挪用公款罪;逃税罪
957,危险物品肇事罪;偷越国（边）境罪
958,"聚众冲击军事禁区罪,非法获取计算机信息系统数据、非法控制计算机信息系统罪;破坏广播电视设施、公用电信设施罪;假冒专利罪;食品、药品监管渎职罪;妨害作证罪;骗购外汇罪;非法侵入计算机信息系统罪;国有公司、企业、事业单位人员失职罪;危险驾驶罪"
959,虚报注册资本罪;编造、故意传播虚假恐怖信息罪
960,"伪造、变造国家有价证券罪;强迫他人吸毒罪,破坏计算机信息系统罪;提供伪造、变造的出入境证件罪,虚开增值税专用发票、用于骗取出口退税、抵扣税款发票罪,打击报复证人罪;过失损坏电力设备罪,破坏生产经营罪,骗购外汇罪;故意损毁文物罪,行贿罪"
961,非法经营罪;假冒注册商标罪
962,非法侵入住宅罪;传授犯罪方法罪;非法采矿罪;虐待被监管人罪;国有公司、企业、事业单位人员失职罪;非法出售、提供试题、答案罪;不报、谎报安全事故罪;诬告陷害罪;聚众哄抢罪;强迫交易罪;开设赌场罪;放纵走私罪;聚众冲击军事禁区罪
963,非法处置查封、扣押、冻结的财产罪;非法占用农用地罪;诬告陷害罪;信用证诈骗罪
964,非法转让、倒卖土地使用权罪;侮辱国旗、国徽、国歌罪
965,抢夺罪;擅自发行股票、公司、企业债券罪
966,暴力取证罪;破坏易燃易爆设备罪;非法生产、买卖警用装备罪;骗取贷款、票据承兑、金融票证罪;强迫交易罪;妨害动植物防疫、检疫罪;催收非法债务罪
967,违法发放林木采伐许可证罪;强迫他人吸毒罪;破坏性采矿罪
968,侵犯公民个人信息罪;票据诈骗罪
969,擅自发行股票、公司、企业债券罪;编造、故意传播虚假恐怖信息罪;非法批准征收、征用、占用土地罪;传播性病罪;拒不执行判决、裁定罪;信用证诈骗罪;受贿罪
970,投放虚假危险物质罪;非法猎捕、收购、运输、出售陆生野生动物罪
971,强迫劳动罪;破坏广播电视设施、公用电信设施罪;重大责任事故罪
972,诽谤罪;妨害作证罪;逃税罪;过失致人重伤罪
973,过失以危险方法危害公共安全罪;重大责任事故罪
974,赌博罪;虚假出资、抽逃出资罪;非法吸收公众存款罪
975,教育设施重大安全事故罪;破坏武器装备、军事设施、军事通信罪;提供伪造、变造的出入境证件罪
976,挪用资金罪;合同诈骗罪
977,虐待被监管人罪;生产、销售、提供假药罪;徇私舞弊减刑、假释、暂予监外执行罪;虐待被监护、看护人罪
978,非法狩猎罪;容留他人吸毒罪
979,教育设施重大安全事故罪;危害国家重点保护植物罪;受贿罪
980,非法生产、销售专用间谍器材、窃听、窃照专用器材罪;伪造公司、企业、事业单位、人民团体印章罪
981,伪造货币罪;破坏性采矿罪;盗窃、抢夺枪支、弹药、爆炸物、危险物质罪;污染环境罪;非法猎捕、收购、运输、出售陆生野生动物罪;敲诈勒索罪
982,破坏武器装备、军事设施、军事通信罪;强制猥亵、侮辱罪;违法发放贷款罪
983,组织、资助非法聚集罪;私放在押人员罪
984,非法种植毒品原植物罪;故意伤害罪;非法经营罪
985,冒充军人招摇撞骗罪;滥用职权罪
986,组织考试作弊罪;徇私舞弊不征、少征税款罪;非法种植毒品原植物罪;走私国家禁止进出口的货物、物品罪
987,聚众哄抢罪;破坏交通工具罪;过失损坏电力设备罪;打击报复证人罪;挪用特定款物罪
988,非法处置进口的固体废物罪;故意伤害罪;生产、销售伪劣产品罪
989,刑讯逼供罪;徇私舞弊不移交刑事案件罪;辩护人、诉讼代理人毁灭证据、伪造证据、妨害作证罪
990,绑架罪;故意毁坏财物罪
991,强迫劳动罪;协助组织卖淫罪
992,重婚罪;金融凭证诈骗罪
993,动植物检疫徇私舞弊罪;非法利用信息网络罪
994,非法制造、出售非法制造的用于骗取出口退税、抵扣税款发票罪;挪用资金罪;强迫交易罪;危险物品肇事罪
995,容留他人吸毒罪;走私废物罪
996,保险诈骗罪;组织、利用会道门、邪教组织、利用迷信致人重伤、死亡罪;非法收购、运输盗伐、滥伐的林木罪
997,非法出售、提供试题、答案罪;出售出入境证件罪
998,虚报注册资本罪;宣扬恐怖主义、极端主义、煽动实施恐怖活动罪;危害珍贵、濒危野生动物罪;组织残疾人、儿童乞讨罪
999,国有公司、企业、事业单位人员滥用职权罪;爆炸罪
1000,非法经营罪;宣扬恐怖主义、极端主义、煽动实施恐怖活动罪;强迫卖淫罪;掩饰、隐瞒犯罪所得、犯罪所得收益罪;单位行贿罪;诽谤罪
